id,tpep_pickup_datetime,tpep_dropoff_datetime,passenger_count,trip_distance,RatecodeID,store_and_fwd_flag,PULocationID,DOLocationID,payment_type,fare_amount,extra,mta_tax,tip_amount,tolls_amount,improvement_surcharge,total_amount
2,12/05/2017 12:59:25 PM,12/05/2017 01:36:26 PM,1,2.79,1,N,236,170,1,23,0,0.5,2,0,0.3,25.8
3,12/05/2017 12:03:05 PM,12/05/2017 12:17:19 PM,2,1.5,1,N,211,68,1,10,0,0.5,2.16,0,0.3,12.96
4,12/05/2017 12:18:34 PM,12/05/2017 12:32:15 PM,2,2.44,1,N,68,231,1,12,0,0.5,3.2,0,0.3,16
5,12/05/2017 12:54:19 PM,12/05/2017 12:59:03 PM,2,0.42,1,N,90,90,1,5,0,0.5,1.45,0,0.3,7.25
6,12/05/2017 12:15:39 PM,12/05/2017 12:25:46 PM,1,0.67,1,N,186,234,1,7.5,0,0.5,2.08,0,0.3,10.38
7,12/05/2017 12:41:40 PM,12/05/2017 12:54:36 PM,1,1.57,1,N,249,144,1,10,0,0.5,2.7,0,0.3,13.5
8,12/05/2017 12:21:12 PM,12/05/2017 12:30:57 PM,1,1.36,1,N,42,159,2,8,0,0.5,0,0,0.3,8.8
9,12/05/2017 12:13:55 PM,12/05/2017 12:35:47 PM,1,5.7,1,N,79,97,1,21.5,0,0.5,3,0,0.3,25.3
10,12/05/2017 12:54:31 PM,12/05/2017 01:07:38 PM,1,2.4,1,N,107,140,1,11,0,0.5,0,0,0.3,11.8
11,12/05/2017 12:18:25 PM,12/05/2017 12:36:52 PM,1,2,1,N,161,234,2,12.5,0,0.5,0,0,0.3,13.3
12,12/05/2017 12:39:18 PM,12/05/2017 01:01:45 PM,1,4.4,1,N,107,87,1,19.5,0,0.5,4.06,0,0.3,24.36
13,12/05/2017 12:06:59 PM,12/05/2017 12:57:39 PM,1,11.6,1,N,138,230,1,42,0,0.5,12.1,5.76,0.3,60.66
14,12/05/2017 12:20:45 PM,12/05/2017 12:31:35 PM,2,0.93,1,N,236,237,1,8.5,0,0.5,2.79,0,0.3,12.09
15,12/05/2017 12:42:49 PM,12/05/2017 12:52:17 PM,2,0.23,1,N,163,161,1,7,0,0.5,1.56,0,0.3,9.36
16,12/05/2017 12:54:09 PM,12/05/2017 01:02:26 PM,2,1.24,1,N,163,236,1,7.5,0,0.5,1.66,0,0.3,9.96
17,12/05/2017 12:23:22 PM,12/05/2017 12:38:26 PM,1,0.9,1,N,233,170,1,10.5,0,0.5,1,0,0.3,12.3
18,12/05/2017 12:51:07 PM,12/05/2017 01:08:13 PM,1,1.1,1,N,100,48,1,11,0,0.5,1.18,0,0.3,12.98
19,12/05/2017 12:09:22 PM,12/05/2017 12:25:46 PM,1,2.1,1,N,148,234,1,12,0,0.5,2,0,0.3,14.8
20,12/05/2017 12:41:46 PM,12/05/2017 12:43:30 PM,1,0.3,1,N,113,114,1,3,0,0.5,0.75,0,0.3,4.55
21,12/05/2017 12:39:01 PM,12/05/2017 12:45:43 PM,1,0.37,1,N,229,229,1,5.5,0,0.5,1.26,0,0.3,7.56
22,12/05/2017 12:07:43 PM,12/05/2017 12:14:59 PM,2,0.73,1,N,107,234,2,6,0,0.5,0,0,0.3,6.8
23,12/05/2017 12:14:38 PM,12/05/2017 12:29:01 PM,1,0.4,1,N,229,162,3,9.5,0,0.5,0,0,0.3,10.3
24,12/05/2017 12:30:21 PM,12/05/2017 12:40:15 PM,1,1.4,1,N,162,107,3,8,0,0.5,0,0,0.3,8.8
25,12/05/2017 12:55:17 PM,12/05/2017 01:09:27 PM,1,4.1,1,N,107,88,1,15,0,0.5,3,0,0.3,18.8
26,12/05/2017 12:32:26 PM,12/05/2017 12:57:01 PM,1,1.8,1,N,162,90,1,15,0,0.5,3.15,0,0.3,18.95
27,12/05/2017 12:31:24 PM,12/05/2017 12:55:05 PM,1,5.42,1,N,75,90,2,20.5,0,0.5,0,0,0.3,21.3
28,12/05/2017 12:03:51 PM,12/05/2017 12:28:55 PM,1,2.6,1,N,263,142,2,17,0,0.5,0,0,0.3,17.8
29,12/05/2017 12:39:59 PM,12/05/2017 12:46:41 PM,1,0.9,1,N,238,239,1,6,0,0.5,1.35,0,0.3,8.15
30,12/05/2017 12:54:32 PM,12/05/2017 01:08:52 PM,1,1.7,1,N,142,141,1,10,0,0.5,2.15,0,0.3,12.95
31,12/05/2017 12:00:01 PM,12/05/2017 12:24:57 PM,2,1.23,1,N,68,164,2,15,0,0.5,0,0,0.3,15.8
32,12/05/2017 12:28:30 PM,12/05/2017 12:45:53 PM,2,1.03,1,N,100,230,2,11,0,0.5,0,0,0.3,11.8
33,12/05/2017 12:52:30 PM,12/05/2017 01:01:29 PM,2,0.41,1,N,164,170,1,7,0,0.5,1.56,0,0.3,9.36
34,12/05/2017 12:30:34 PM,12/05/2017 12:47:36 PM,1,2.9,1,N,224,237,2,13,0,0.5,0,0,0.3,13.8
35,12/05/2017 12:52:11 PM,12/05/2017 01:08:11 PM,1,1.3,1,N,237,48,2,11,0,0.5,0,0,0.3,11.8
36,12/05/2017 12:06:06 PM,12/05/2017 12:35:55 PM,1,21.26,2,N,229,132,1,52,0,0.5,11.71,5.76,0.3,70.27
37,12/05/2017 12:48:36 PM,12/05/2017 12:56:32 PM,1,0.7,1,N,262,236,1,6.5,0,0.5,1.46,0,0.3,8.76
38,12/05/2017 12:05:14 PM,12/05/2017 12:20:27 PM,6,2.3,1,N,161,239,2,11.5,0,0.5,0,0,0.3,12.3
39,12/05/2017 12:07:47 PM,12/05/2017 12:19:04 PM,1,0.85,1,N,261,13,2,8,0,0.5,0,0,0.3,8.8
40,12/05/2017 12:20:32 PM,12/05/2017 12:42:28 PM,1,4.29,1,N,13,50,2,18,0,0.5,0,0,0.3,18.8
41,12/05/2017 12:52:42 PM,12/05/2017 01:02:30 PM,1,2,1,N,43,74,1,9,0,0.5,0,0,0.3,9.8
42,12/05/2017 12:05:52 PM,12/05/2017 12:37:25 PM,1,2.9,1,N,48,107,1,19.5,0,0.5,2.5,0,0.3,22.8
43,12/05/2017 12:57:02 PM,12/05/2017 01:01:19 PM,1,0.6,1,N,231,231,1,5,0,0.5,1.45,0,0.3,7.25
44,12/05/2017 12:16:05 PM,12/05/2017 12:33:53 PM,2,2.51,1,N,161,211,2,12.5,0,0.5,0,0,0.3,13.3
45,12/05/2017 12:27:50 PM,12/05/2017 12:56:29 PM,2,1.9,1,N,79,186,1,17.5,0,0.5,2,0,0.3,20.3
46,12/05/2017 12:37:17 PM,12/05/2017 12:42:02 PM,1,1.2,1,N,236,74,1,6,0,0.5,1.36,0,0.3,8.16
47,12/05/2017 12:59:59 PM,12/05/2017 01:30:00 PM,1,5.3,1,N,236,7,3,22.5,0,0.5,0,0,0.3,23.3
48,12/05/2017 12:02:08 PM,12/05/2017 12:25:00 PM,1,2.89,1,N,142,236,2,16,0,0.5,0,0,0.3,16.8
49,12/05/2017 12:54:33 PM,12/05/2017 01:03:30 PM,1,1.09,1,N,262,140,1,7.5,0,0.5,1.66,0,0.3,9.96
50,12/05/2017 12:58:01 PM,12/05/2017 01:01:51 PM,1,0.6,1,N,239,239,1,4.5,0,0.5,1.59,0,0.3,6.89
51,12/05/2017 12:54:13 PM,12/05/2017 01:17:13 PM,5,3.41,1,N,107,262,1,16.5,0,0.5,3.46,0,0.3,20.76
52,12/05/2017 12:07:10 PM,12/05/2017 12:29:38 PM,1,6.77,1,N,161,13,1,23.5,0,0.5,4.86,0,0.3,29.16
53,12/05/2017 12:43:24 PM,12/05/2017 12:55:23 PM,1,1.72,1,N,87,211,1,9.5,0,0.5,2.58,0,0.3,12.88
54,12/05/2017 12:43:32 PM,12/05/2017 12:52:30 PM,1,0.53,1,N,68,186,2,6.5,0,0.5,0,0,0.3,7.3
55,12/05/2017 12:03:37 PM,12/05/2017 12:12:47 PM,2,1,1,N,141,237,1,7,0,0.5,1.55,0,0.3,9.35
56,12/05/2017 12:23:23 PM,12/05/2017 12:31:55 PM,1,0.7,1,N,142,143,1,7,0,0.5,1.55,0,0.3,9.35
57,12/05/2017 12:37:39 PM,12/05/2017 12:44:40 PM,1,0.9,1,N,142,237,1,6.5,0,0.5,2.15,0,0.3,9.45
58,12/05/2017 12:49:18 PM,12/05/2017 01:09:45 PM,1,1.3,1,N,237,162,1,13,0,0.5,2,0,0.3,15.8
59,12/05/2017 12:27:30 PM,12/05/2017 01:12:03 PM,1,12.26,1,N,138,52,1,38.5,0,0.5,5.9,0,0.3,45.2
60,12/05/2017 12:08:19 PM,12/05/2017 12:29:02 PM,1,2.3,1,N,113,68,1,14,0,0.5,1,0,0.3,15.8
61,12/05/2017 12:33:01 PM,12/05/2017 12:54:54 PM,1,2.7,1,N,68,148,1,15,0,0.5,3.15,0,0.3,18.95
62,12/05/2017 12:56:20 PM,12/05/2017 01:09:47 PM,1,1.6,1,N,148,107,1,10,0,0.5,2.7,0,0.3,13.5
63,12/05/2017 12:48:49 PM,12/05/2017 01:38:01 PM,1,9.42,1,N,138,100,1,38.5,0,0.5,5,5.76,0.3,50.06
64,12/05/2017 12:39:47 PM,12/05/2017 12:56:49 PM,1,0.84,1,N,100,170,1,11,0,0.5,1,0,0.3,12.8
65,12/05/2017 12:12:58 PM,12/05/2017 12:38:13 PM,1,4.9,1,N,48,88,1,21,0,0.5,3,0,0.3,24.8
66,12/05/2017 12:45:17 PM,12/05/2017 12:51:23 PM,1,1.2,1,N,88,13,1,6.5,0,0.5,1,0,0.3,8.3
67,12/05/2017 12:17:02 PM,12/05/2017 12:17:48 PM,1,0.3,1,N,238,238,1,3,0,0.5,0.95,0,0.3,4.75
68,12/05/2017 12:24:45 PM,12/05/2017 12:38:33 PM,1,2.4,1,N,24,42,2,11.5,0,0.5,0,0,0.3,12.3
69,12/05/2017 12:45:21 PM,12/05/2017 01:08:18 PM,1,3.3,1,N,41,168,2,17,0,0.5,0,0,0.3,17.8
70,12/05/2017 12:28:10 PM,12/05/2017 12:46:29 PM,1,1.4,1,N,90,161,1,12,0,0.5,2.55,0,0.3,15.35
71,12/05/2017 12:18:51 PM,12/05/2017 12:23:19 PM,1,0.5,1,N,114,113,2,4.5,0,0.5,0,0,0.3,5.3
72,12/05/2017 12:30:47 PM,12/05/2017 12:47:26 PM,1,1.8,1,N,113,246,1,11.5,0,0.5,1,0,0.3,13.3
73,12/05/2017 12:10:12 PM,12/05/2017 12:18:09 PM,2,1.1,1,N,161,234,1,7,0,0.5,1.5,0,0.3,9.3
74,12/05/2017 12:22:00 PM,12/05/2017 12:36:45 PM,2,0.8,1,N,234,170,1,10,0,0.5,2.15,0,0.3,12.95
75,12/05/2017 12:38:24 PM,12/05/2017 12:58:14 PM,1,2,1,N,161,43,1,13.5,0,0.5,3,0,0.3,17.3
76,12/05/2017 12:08:18 PM,12/05/2017 12:25:31 PM,1,2.9,1,N,50,114,1,13.5,0,0.5,2.85,0,0.3,17.15
77,12/05/2017 12:32:44 PM,12/05/2017 12:44:45 PM,2,0.9,1,N,113,234,1,8.5,0,0.5,1,0,0.3,10.3
78,12/05/2017 12:55:21 PM,12/05/2017 01:01:30 PM,2,0.6,1,N,113,79,1,5.5,0,0.5,0.5,0,0.3,6.8
79,12/05/2017 12:16:52 PM,12/05/2017 12:27:26 PM,1,0.8,1,N,161,161,1,8,0,0.5,1.75,0,0.3,10.55
80,12/05/2017 12:55:40 PM,12/05/2017 12:58:38 PM,1,0.5,1,N,239,238,2,4,0,0.5,0,0,0.3,4.8
81,12/05/2017 12:51:59 PM,12/05/2017 01:32:03 PM,1,17.21,2,N,230,132,1,52,0,0.5,11.71,5.76,0.3,70.27
82,12/05/2017 12:02:04 PM,12/05/2017 12:03:53 PM,1,0.1,1,N,113,113,2,3,0,0.5,0,0,0.3,3.8
83,12/05/2017 12:04:57 PM,12/05/2017 12:10:49 PM,1,0.5,1,N,113,107,1,5.5,0,0.5,1,0,0.3,7.3
84,12/05/2017 12:19:58 PM,12/05/2017 12:33:55 PM,1,1.7,1,N,107,144,1,10.5,0,0.5,2.25,0,0.3,13.55
85,12/05/2017 12:35:44 PM,12/05/2017 12:58:44 PM,1,2.6,1,N,144,170,2,15,0,0.5,0,0,0.3,15.8
86,12/05/2017 12:59:52 PM,12/05/2017 01:13:52 PM,1,2.4,1,N,170,249,1,11,0,0.5,2.35,0,0.3,14.15
87,12/05/2017 12:19:19 PM,12/05/2017 12:41:25 PM,1,7.1,1,N,231,233,1,24,0,0.5,3,0,0.3,27.8
88,12/05/2017 12:44:07 PM,12/05/2017 01:10:56 PM,1,1.3,1,N,229,100,2,16,0,0.5,0,0,0.3,16.8
89,12/05/2017 12:25:27 PM,12/05/2017 12:37:28 PM,1,1.13,1,N,246,186,1,9,0,0.5,1.96,0,0.3,11.76
90,12/05/2017 12:39:16 PM,12/05/2017 01:05:57 PM,1,1.5,1,N,186,170,2,16,0,0.5,0,0,0.3,16.8
91,12/05/2017 12:37:54 PM,12/05/2017 12:48:35 PM,1,1.4,1,N,230,90,1,8.5,0,0.5,1.86,0,0.3,11.16
92,12/05/2017 12:37:33 PM,12/05/2017 12:41:30 PM,1,0.56,1,N,231,13,1,4.5,0,0.5,1,0,0.3,6.3
93,12/05/2017 12:04:00 PM,12/05/2017 12:09:42 PM,1,0.3,1,N,90,234,2,5,0,0.5,0,0,0.3,5.8
94,12/05/2017 12:37:28 PM,12/05/2017 12:59:21 PM,1,2.7,1,N,170,158,2,15,0,0.5,0,0,0.3,15.8
95,12/05/2017 12:27:34 PM,12/05/2017 01:22:07 PM,1,8.69,1,N,138,100,1,41.5,0,0.5,9.61,5.76,0.3,57.67
96,12/05/2017 12:08:25 PM,12/05/2017 12:23:58 PM,1,0.8,1,N,140,229,1,10.5,0,0.5,2,0,0.3,13.3
97,12/05/2017 12:31:49 PM,12/05/2017 12:37:26 PM,2,1,1,N,141,236,1,6,0,0.5,1.7,0,0.3,8.5
98,12/05/2017 12:02:03 PM,12/05/2017 12:24:19 PM,2,2.07,1,N,113,100,1,14.5,0,0.5,3.06,0,0.3,18.36
99,12/05/2017 12:29:06 PM,12/05/2017 12:52:23 PM,2,1.17,1,N,48,161,1,14.5,0,0.5,2.75,0,0.3,18.05
100,12/05/2017 12:55:02 PM,12/05/2017 01:17:50 PM,2,1.46,1,N,161,50,1,14,0,0.5,2,0,0.3,16.8
101,12/05/2017 12:01:57 PM,12/05/2017 12:14:38 PM,1,0.94,1,N,236,237,2,9,0,0.5,0,0,0.3,9.8
102,12/05/2017 12:21:48 PM,12/05/2017 12:30:03 PM,1,1.53,1,N,237,236,2,7.5,0,0.5,0,0,0.3,8.3
103,12/05/2017 12:33:42 PM,12/05/2017 12:53:56 PM,1,1.16,1,N,236,141,1,13,0,0.5,2,0,0.3,15.8
104,12/05/2017 12:57:00 PM,12/05/2017 01:03:12 PM,1,0.7,1,N,141,262,1,5.5,0,0.5,1.26,0,0.3,7.56
105,12/05/2017 12:04:01 PM,12/05/2017 12:34:24 PM,1,1.08,1,N,164,161,2,17.5,0,0.5,0,0,0.3,18.3
106,12/05/2017 12:36:56 PM,12/05/2017 12:45:24 PM,1,1.45,1,N,230,237,1,7.5,0,0.5,1.66,0,0.3,9.96
107,12/05/2017 12:49:56 PM,12/05/2017 01:00:51 PM,1,1.22,1,N,236,75,1,8.5,0,0.5,1.86,0,0.3,11.16
108,12/05/2017 12:47:52 PM,12/05/2017 01:13:59 PM,1,2.4,1,N,48,107,2,16.5,0,0.5,0,0,0.3,17.3
109,12/05/2017 12:46:37 PM,12/05/2017 01:02:25 PM,1,3.4,1,N,211,50,1,14,0,0.5,2,0,0.3,16.8
110,12/05/2017 12:23:13 PM,12/05/2017 12:34:52 PM,1,1.4,1,N,164,90,2,9,0,0.5,0,0,0.3,9.8
111,12/05/2017 12:41:32 PM,12/05/2017 12:55:46 PM,1,1.16,1,N,234,186,2,10,0,0.5,0,0,0.3,10.8
112,12/05/2017 12:57:46 PM,12/05/2017 01:15:08 PM,1,1.13,1,N,186,161,2,11.5,0,0.5,0,0,0.3,12.3
113,12/05/2017 12:16:00 PM,12/05/2017 12:31:02 PM,1,8.8,1,N,138,213,1,24.5,0,0.5,6.2,5.76,0.3,37.26
114,12/05/2017 12:20:22 PM,12/05/2017 12:33:17 PM,2,3.09,1,N,138,173,1,12,0,0.5,2.56,0,0.3,15.36
115,12/05/2017 12:51:35 PM,12/05/2017 01:38:01 PM,3,8.29,1,N,138,164,1,36,0,0.5,8.51,5.76,0.3,51.07
116,12/05/2017 12:22:43 PM,12/05/2017 12:33:29 PM,1,1.8,1,N,90,231,2,9,0,0.5,0,0,0.3,9.8
117,12/05/2017 12:44:47 PM,12/05/2017 01:04:20 PM,1,1.2,1,N,113,186,2,12.5,0,0.5,0,0,0.3,13.3
118,12/05/2017 12:17:38 PM,12/05/2017 12:30:08 PM,1,1.3,1,N,237,233,2,9,0,0.5,0,0,0.3,9.8
119,12/05/2017 12:53:29 PM,12/05/2017 01:05:35 PM,1,0.6,1,N,161,237,1,8.5,0,0.5,1.5,0,0.3,10.8
120,12/05/2017 12:47:50 PM,12/05/2017 01:25:19 PM,1,7.1,1,N,141,88,1,30,0,0.5,9.24,0,0.3,40.04
121,12/05/2017 12:16:57 PM,12/05/2017 12:38:46 PM,2,1.42,1,N,246,230,1,14,0,0.5,2,0,0.3,16.8
122,12/05/2017 12:01:57 PM,12/05/2017 12:13:26 PM,2,0.93,1,N,140,262,1,9,0,0.5,1.2,0,0.3,11
123,12/05/2017 12:41:00 PM,12/05/2017 12:46:28 PM,2,0.63,1,N,262,141,1,5.5,0,0.5,1.26,0,0.3,7.56
124,12/05/2017 12:53:03 PM,12/05/2017 01:03:35 PM,2,1.46,1,N,237,142,1,9,0,0.5,1.96,0,0.3,11.76
125,12/05/2017 12:51:29 PM,12/05/2017 01:33:53 PM,1,9.1,1,N,138,237,1,36,0,0.5,8.5,5.76,0.3,51.06
126,12/05/2017 12:31:42 PM,12/05/2017 12:39:27 PM,1,1.25,1,N,234,249,1,7,0,0.5,1.56,0,0.3,9.36
127,12/05/2017 12:46:04 PM,12/05/2017 12:54:22 PM,1,1.04,1,N,113,158,1,7,0,0.5,1.95,0,0.3,9.75
128,12/05/2017 12:18:34 PM,12/05/2017 12:36:23 PM,3,1.97,1,N,211,137,1,12.5,0,0.5,2,0,0.3,15.3
129,12/05/2017 12:05:12 PM,12/05/2017 12:12:17 PM,1,1.2,1,N,264,236,1,6.5,0,0.5,1.8,0,0.3,9.1
130,12/05/2017 12:15:59 PM,12/05/2017 12:22:06 PM,1,0.4,1,N,264,236,1,5.5,0,0.5,1,0,0.3,7.3
131,12/05/2017 12:35:57 PM,12/05/2017 12:47:43 PM,1,0.8,1,N,263,141,2,8.5,0,0.5,0,0,0.3,9.3
132,12/05/2017 12:24:44 PM,12/05/2017 12:52:46 PM,2,10.97,1,N,45,42,1,33,0,0.5,0,0,0.3,33.8
133,12/05/2017 11:52:22 AM,12/05/2017 12:16:23 PM,1,6.52,1,N,239,13,1,22.5,0,0.5,4.66,0,0.3,27.96
134,12/05/2017 12:33:39 PM,12/05/2017 12:40:56 PM,1,0.66,1,N,231,231,1,6,0,0.5,1.36,0,0.3,8.16
135,12/05/2017 12:52:45 PM,12/05/2017 01:37:38 PM,1,10.03,1,N,138,161,1,38,0,0.5,8.91,5.76,0.3,53.47
136,12/05/2017 12:58:56 PM,12/05/2017 01:39:44 PM,1,10.82,1,N,230,138,1,37.5,0,0.5,9.58,0,0.3,47.88
137,12/05/2017 12:44:46 PM,12/05/2017 01:35:24 PM,1,16.77,2,N,132,170,1,52,0,0.5,5,5.76,0.3,63.56
138,12/05/2017 12:08:24 PM,12/05/2017 12:14:23 PM,1,1.35,1,N,43,239,1,6.5,0,0.5,1,0,0.3,8.3
139,12/05/2017 12:53:57 PM,12/05/2017 02:01:44 PM,3,17,2,N,132,164,2,52,0,0.5,0,0,0.3,52.8
140,12/05/2017 12:40:30 PM,12/05/2017 12:46:25 PM,1,1.46,1,N,236,142,2,7,0,0.5,0,0,0.3,7.8
141,12/05/2017 12:49:04 PM,12/05/2017 12:54:02 PM,1,0.62,1,N,143,239,1,5,0,0.5,1.74,0,0.3,7.54
142,12/05/2017 12:21:26 PM,12/05/2017 12:44:10 PM,1,1.24,1,N,234,48,2,14,0,0.5,0,0,0.3,14.8
143,12/05/2017 12:46:04 PM,12/05/2017 12:56:03 PM,1,0.93,1,N,230,163,1,7.5,0,0.5,2.08,0,0.3,10.38
144,12/05/2017 12:10:32 PM,12/05/2017 12:17:59 PM,1,0.91,1,N,237,237,1,6.5,0,0.5,1.46,0,0.3,8.76
145,12/05/2017 12:20:17 PM,12/05/2017 12:26:50 PM,1,0.82,1,N,237,43,1,6,0,0.5,1.7,0,0.3,8.5
146,12/05/2017 12:32:13 PM,12/05/2017 12:58:09 PM,1,2.51,1,N,236,162,1,16.5,0,0.5,3.46,0,0.3,20.76
147,12/05/2017 12:01:40 PM,12/05/2017 12:19:16 PM,1,1.2,1,N,263,237,1,11.5,0,0.5,2.46,0,0.3,14.76
148,12/05/2017 12:14:07 PM,12/05/2017 12:18:09 PM,2,0.86,1,N,100,246,1,5,0,0.5,1.16,0,0.3,6.96
149,12/05/2017 12:40:30 PM,12/05/2017 12:47:22 PM,1,1.12,1,N,239,238,2,7,0,0.5,0,0,0.3,7.8
150,12/05/2017 12:27:09 PM,12/05/2017 12:52:34 PM,3,1.74,1,N,90,230,1,16,0,0.5,3.36,0,0.3,20.16
151,12/05/2017 12:11:05 PM,12/05/2017 12:20:45 PM,1,1.06,1,N,233,140,2,7.5,0,0.5,0,0,0.3,8.3
152,12/05/2017 12:32:01 PM,12/05/2017 12:39:24 PM,1,1.25,1,N,236,239,2,7,0,0.5,0,0,0.3,7.8
153,12/05/2017 12:40:43 PM,12/05/2017 01:00:01 PM,1,2.3,1,N,239,237,1,13,0,0.5,1.5,0,0.3,15.3
154,12/05/2017 12:02:49 PM,12/05/2017 12:12:09 PM,1,0.6,1,N,246,48,2,7.5,0,0.5,0,0,0.3,8.3
155,12/05/2017 12:17:51 PM,12/05/2017 12:29:09 PM,3,1.6,1,N,100,68,1,9.5,0,0.5,3.05,0,0.3,13.35
156,12/05/2017 12:32:00 PM,12/05/2017 12:51:17 PM,2,2.1,1,N,68,230,1,13.5,0,0.5,2.85,0,0.3,17.15
157,12/05/2017 12:20:26 PM,12/05/2017 12:27:46 PM,1,0.87,1,N,163,237,1,6.5,0,0.5,1.46,0,0.3,8.76
158,12/05/2017 12:29:08 PM,12/05/2017 12:35:16 PM,1,0.96,1,N,237,236,1,6.5,0,0.5,2,0,0.3,9.3
159,12/05/2017 12:56:22 PM,12/05/2017 01:04:11 PM,1,0.88,1,N,236,75,1,6.5,0,0.5,1,0,0.3,8.3
160,12/05/2017 12:11:08 PM,12/05/2017 12:24:02 PM,1,1.18,1,N,162,140,1,9.5,0,0.5,1.03,0,0.3,11.33
161,12/05/2017 12:49:55 PM,12/05/2017 01:20:32 PM,1,9.52,1,N,138,65,1,29,0,0.5,7.45,0,0.3,37.25
162,12/05/2017 12:36:50 PM,12/05/2017 01:28:07 PM,1,18.4,2,N,50,132,2,52,0,0.5,0,0,0.3,52.8
163,12/05/2017 12:02:41 PM,12/05/2017 12:10:21 PM,5,1.31,1,N,68,246,1,7,0,0.5,0.78,0,0.3,8.58
164,12/05/2017 12:25:22 PM,12/05/2017 12:33:48 PM,5,1.31,1,N,100,234,1,7,0,0.5,1.56,0,0.3,9.36
165,12/05/2017 12:40:37 PM,12/05/2017 12:50:44 PM,5,1.07,1,N,234,137,1,8,0,0.5,2.64,0,0.3,11.44
166,12/05/2017 12:54:32 PM,12/05/2017 01:17:21 PM,5,0.69,1,N,233,161,2,14,0,0.5,0,0,0.3,14.8
167,12/05/2017 12:14:11 PM,12/05/2017 12:35:17 PM,1,1.26,1,N,90,137,2,13,0,0.5,0,0,0.3,13.8
168,12/05/2017 12:40:44 PM,12/05/2017 12:55:38 PM,1,1.66,1,N,224,114,1,10.5,0,0.5,3.39,0,0.3,14.69
169,12/05/2017 12:22:17 PM,12/05/2017 12:47:09 PM,1,1.64,1,N,90,170,1,15.5,0,0.5,4.08,0,0.3,20.38
170,12/05/2017 12:10:28 PM,12/05/2017 12:19:41 PM,1,0.51,1,N,234,234,1,7,0,0.5,1.56,0,0.3,9.36
171,12/05/2017 12:24:25 PM,12/05/2017 12:55:11 PM,1,1.51,1,N,234,230,1,18,0,0.5,3.76,0,0.3,22.56
172,12/05/2017 12:24:10 PM,12/05/2017 12:34:10 PM,6,1.95,1,N,50,158,1,9,0,0.5,2.94,0,0.3,12.74
173,12/05/2017 12:42:33 PM,12/05/2017 12:51:06 PM,6,0.95,1,N,234,249,2,7,0,0.5,0,0,0.3,7.8
174,12/05/2017 12:57:44 PM,12/05/2017 12:59:34 PM,6,0.48,1,N,90,90,1,3.5,0,0.5,1,0,0.3,5.3
175,12/05/2017 12:15:00 PM,12/05/2017 12:37:11 PM,1,2.5,1,N,170,125,1,14.5,0,0.5,1.5,0,0.3,16.8
176,12/05/2017 12:38:22 PM,12/05/2017 12:40:31 PM,1,0.5,1,N,125,249,1,3.5,0,0.5,1,0,0.3,5.3
177,12/05/2017 12:41:51 PM,12/05/2017 12:55:08 PM,1,3.9,1,N,224,261,1,14.5,0,0.5,3.06,0,0.3,18.36
178,12/05/2017 12:21:29 PM,12/05/2017 12:30:07 PM,1,1.7,1,N,142,151,1,8,0,0.5,1,0,0.3,9.8
179,12/05/2017 12:44:45 PM,12/05/2017 12:56:03 PM,1,2.8,1,N,238,246,1,11,0,0.5,2,0,0.3,13.8
180,12/05/2017 12:54:54 PM,12/05/2017 02:16:51 PM,1,33.1,2,N,132,158,1,52,0,0.5,8.78,5.76,0.3,67.34
181,12/05/2017 12:38:08 PM,12/05/2017 01:13:05 PM,1,3.8,1,N,263,100,1,22.5,0,0.5,6.95,0,0.3,30.25
182,12/05/2017 12:08:28 PM,12/05/2017 12:21:14 PM,1,2.3,1,N,143,236,1,11,0,0.5,2.35,0,0.3,14.15
183,12/05/2017 12:21:01 PM,12/05/2017 01:03:01 PM,1,11.24,1,N,138,163,1,38,0,0.5,8.91,5.76,0.3,53.47
184,12/05/2017 12:07:05 PM,12/05/2017 12:18:55 PM,1,0.9,1,N,162,164,2,8.5,0,0.5,0,0,0.3,9.3
185,12/05/2017 12:19:58 PM,12/05/2017 12:26:48 PM,1,0.7,1,N,170,234,1,6,0,0.5,1.35,0,0.3,8.15
186,12/05/2017 12:40:48 PM,12/05/2017 12:51:33 PM,1,0.6,1,N,186,170,1,7.5,0,0.5,1.65,0,0.3,9.95
187,12/05/2017 12:54:01 PM,12/05/2017 01:06:08 PM,1,0.8,1,N,170,186,2,8.5,0,0.5,0,0,0.3,9.3
188,12/05/2017 12:04:16 PM,12/05/2017 12:21:08 PM,1,0.81,1,N,100,170,1,11,0,0.5,2.95,0,0.3,14.75
189,12/05/2017 12:00:31 PM,12/05/2017 12:17:50 PM,1,1.8,1,N,142,100,1,11.5,0,0.5,3.65,0,0.3,15.95
190,12/05/2017 12:22:34 PM,12/05/2017 12:55:08 PM,2,5.5,1,N,186,75,2,23,0,0.5,0,0,0.3,23.8
191,12/05/2017 12:11:58 PM,12/05/2017 12:17:44 PM,6,0.89,1,N,43,142,1,6,0,0.5,1,0,0.3,7.8
192,12/05/2017 12:19:55 PM,12/05/2017 12:28:19 PM,6,1.42,1,N,142,43,2,8,0,0.5,0,0,0.3,8.8
193,12/05/2017 12:30:03 PM,12/05/2017 12:43:01 PM,6,1.48,1,N,43,142,2,10,0,0.5,0,0,0.3,10.8
194,12/05/2017 12:44:46 PM,12/05/2017 01:00:58 PM,6,1.68,1,N,142,236,1,11.5,0,0.5,2.46,0,0.3,14.76
195,12/05/2017 12:10:52 PM,12/05/2017 12:21:31 PM,1,1.9,1,N,236,239,1,9.5,0,0.5,2,0,0.3,12.3
196,12/05/2017 12:28:45 PM,12/05/2017 12:30:12 PM,1,0.5,1,N,239,43,1,4,0,0.5,0.3,0,0.3,5.1
197,12/05/2017 12:33:24 PM,12/05/2017 12:40:24 PM,1,1,1,N,236,239,1,7,0,0.5,1.55,0,0.3,9.35
198,12/05/2017 12:54:44 PM,12/05/2017 01:13:56 PM,1,2.3,1,N,142,140,1,13,0,0.5,6,0,0.3,19.8
199,12/05/2017 12:16:07 PM,12/05/2017 12:31:58 PM,1,6.3,1,N,231,170,1,20,0,0.5,2.5,0,0.3,23.3
200,12/05/2017 12:34:53 PM,12/05/2017 12:54:33 PM,1,2,1,N,162,50,1,13,0,0.5,4.1,0,0.3,17.9
201,12/05/2017 12:58:37 PM,12/05/2017 01:07:48 PM,1,1.3,1,N,50,100,1,7.5,0,0.5,1.66,0,0.3,9.96
202,12/05/2017 12:44:05 PM,12/05/2017 12:58:11 PM,1,1.9,1,N,24,143,1,11,0,0.5,2.35,0,0.3,14.15
203,12/05/2017 12:52:34 PM,12/05/2017 01:09:38 PM,6,0.98,1,N,236,237,1,11.5,0,0.5,1.84,0,0.3,14.14
204,12/05/2017 12:01:17 PM,12/05/2017 12:19:46 PM,1,11.5,1,N,132,138,2,31.5,0,0.5,0,0,0.3,32.3
205,12/05/2017 12:47:59 PM,12/05/2017 01:26:56 PM,1,11.5,1,N,138,125,1,35,0,0.5,7.15,0,0.3,42.95
206,12/05/2017 12:02:41 PM,12/05/2017 12:33:34 PM,1,3.57,1,N,231,163,1,20,0,0.5,4.16,0,0.3,24.96
207,12/05/2017 12:41:54 PM,12/05/2017 12:56:34 PM,1,2.6,1,N,226,237,1,13,0,0.5,3.45,0,0.3,17.25
208,12/05/2017 12:11:50 PM,12/05/2017 12:50:51 PM,1,14.1,1,N,132,188,1,44,0,0.5,8.95,0,0.3,53.75
209,12/05/2017 12:59:00 PM,12/05/2017 02:13:28 PM,2,17.8,2,N,132,230,1,52,0,0.5,2.92,5.76,0.3,61.48
210,12/05/2017 12:13:17 PM,12/05/2017 12:15:09 PM,1,0.25,1,N,140,140,1,3.5,0,0.5,1.08,0,0.3,5.38
211,12/05/2017 12:18:24 PM,12/05/2017 12:26:19 PM,1,1.69,1,N,140,236,1,8,0,0.5,1,0,0.3,9.8
212,12/05/2017 12:07:42 PM,12/05/2017 12:13:06 PM,1,0.4,1,N,234,113,2,5,0,0.5,0,0,0.3,5.8
213,12/05/2017 12:16:50 PM,12/05/2017 12:29:00 PM,1,1.2,1,N,113,90,1,9,0,0.5,2.45,0,0.3,12.25
214,12/05/2017 12:34:07 PM,12/05/2017 01:02:10 PM,1,10.5,1,N,90,138,1,32.5,0,0.5,9.75,5.76,0.3,48.81
215,12/05/2017 12:00:33 PM,12/05/2017 12:00:33 PM,2,0,1,N,237,264,2,7,0,0.5,0,0,0.3,7.8
216,12/05/2017 12:29:28 PM,12/05/2017 01:01:46 PM,1,9.3,1,N,138,238,1,32,0,0.5,7.7,5.76,0.3,46.26
217,12/05/2017 12:19:24 PM,12/05/2017 12:24:21 PM,1,0.74,1,N,4,79,2,5,0,0.5,0,0,0.3,5.8
218,12/05/2017 12:42:58 PM,12/05/2017 12:53:28 PM,1,1.47,1,N,114,90,1,8.5,0,0.5,1.86,0,0.3,11.16
219,12/05/2017 12:52:25 PM,12/05/2017 12:58:17 PM,1,0.86,1,N,125,113,1,6,0,0.5,1.02,0,0.3,7.82
220,12/05/2017 12:20:15 PM,12/05/2017 12:40:44 PM,1,1.78,1,N,230,170,1,13.5,0,0.5,2.86,0,0.3,17.16
221,12/05/2017 12:49:02 PM,12/05/2017 01:05:47 PM,1,0.9,1,N,234,90,1,11,0,0.5,1,0,0.3,12.8
222,12/05/2017 12:12:38 PM,12/05/2017 12:20:44 PM,1,0.9,1,N,140,229,1,7,0,0.5,1.55,0,0.3,9.35
223,12/05/2017 12:09:07 PM,12/05/2017 12:13:08 PM,1,0.4,1,N,162,162,2,4.5,0,0.5,0,0,0.3,5.3
224,12/05/2017 12:15:21 PM,12/05/2017 12:35:29 PM,2,1.4,1,N,162,186,1,12.5,0,0.5,0,0,0.3,13.3
225,12/05/2017 12:56:36 PM,12/05/2017 01:12:03 PM,2,1.3,1,N,48,163,2,10.5,0,0.5,0,0,0.3,11.3
226,12/05/2017 12:21:20 PM,12/05/2017 12:31:19 PM,1,0.92,1,N,237,161,1,7.5,0,0.5,1.66,0,0.3,9.96
227,12/05/2017 12:43:11 PM,12/05/2017 01:04:17 PM,1,1.98,1,N,234,163,2,13.5,0,0.5,0,0,0.3,14.3
228,12/05/2017 12:16:47 PM,12/05/2017 12:35:03 PM,2,12.65,1,N,132,91,1,35,0,0.5,7.16,0,0.3,42.96
229,12/05/2017 12:05:54 PM,12/05/2017 12:38:34 PM,1,1.84,1,N,234,170,1,19,0,0.5,0,0,0.3,19.8
230,12/05/2017 12:27:13 PM,12/05/2017 12:47:57 PM,1,2,1,N,186,224,1,14,0,0.5,2,0,0.3,16.8
231,12/05/2017 12:51:55 PM,12/05/2017 01:15:32 PM,1,2.7,1,N,224,162,2,16.5,0,0.5,0,0,0.3,17.3
232,12/05/2017 12:23:10 PM,12/05/2017 12:48:01 PM,1,2.5,1,N,237,164,1,16,0,0.5,5.04,0,0.3,21.84
233,12/05/2017 12:50:17 PM,12/05/2017 01:07:19 PM,2,0.9,1,N,234,186,1,11,0,0.5,2,0,0.3,13.8
234,12/05/2017 12:17:28 PM,12/05/2017 12:40:25 PM,1,0.94,1,N,164,161,1,14,0,0.5,2.96,0,0.3,17.76
235,12/05/2017 12:41:12 PM,12/05/2017 12:45:37 PM,1,0.49,1,N,161,163,1,4.5,0,0.5,1.06,0,0.3,6.36
236,12/05/2017 12:51:00 PM,12/05/2017 01:07:17 PM,1,1.13,1,N,162,164,1,10.5,0,0.5,2.82,0,0.3,14.12
237,12/05/2017 12:12:43 PM,12/05/2017 12:24:10 PM,1,1.6,1,N,231,148,2,9.5,0,0.5,0,0,0.3,10.3
238,12/05/2017 12:27:27 PM,12/05/2017 12:33:04 PM,1,0.9,1,N,79,125,1,6,0,0.5,1.35,0,0.3,8.15
239,12/05/2017 12:52:48 PM,12/05/2017 01:28:13 PM,1,3.5,1,N,90,237,1,22,0,0.5,4.55,0,0.3,27.35
240,12/05/2017 12:14:19 PM,12/05/2017 12:23:14 PM,3,0.96,1,N,233,170,1,7.5,0,0.5,1.66,0,0.3,9.96
241,12/05/2017 12:09:57 PM,12/05/2017 12:20:29 PM,1,1.3,1,N,140,43,2,8.5,0,0.5,0,0,0.3,9.3
242,12/05/2017 12:24:12 PM,12/05/2017 12:30:52 PM,1,0.5,1,N,163,161,1,6,0,0.5,1.35,0,0.3,8.15
243,12/05/2017 12:36:05 PM,12/05/2017 01:00:22 PM,1,2.9,1,N,164,232,2,16.5,0,0.5,0,0,0.3,17.3
244,12/05/2017 12:14:20 PM,12/05/2017 12:30:25 PM,5,1.01,1,N,163,142,1,11,0,0.5,2.36,0,0.3,14.16
245,12/05/2017 12:19:59 PM,12/05/2017 12:44:06 PM,6,5.23,1,N,142,13,1,20.5,0,0.5,4.26,0,0.3,25.56
246,12/05/2017 12:53:35 PM,12/05/2017 01:02:54 PM,6,1.5,1,N,261,231,2,8.5,0,0.5,0,0,0.3,9.3
247,12/05/2017 12:28:43 PM,12/05/2017 12:40:10 PM,1,1,1,N,264,264,1,8.5,0,0.5,1.85,0,0.3,11.15
248,12/05/2017 12:46:52 PM,12/05/2017 12:56:22 PM,1,1.4,1,N,264,264,1,8,0,0.5,1.25,0,0.3,10.05
249,12/05/2017 12:08:38 PM,12/05/2017 12:24:38 PM,1,0.8,1,N,161,237,2,10.5,0,0.5,0,0,0.3,11.3
250,12/05/2017 12:29:20 PM,12/05/2017 12:37:19 PM,4,0.7,1,N,163,161,2,6.5,0,0.5,0,0,0.3,7.3
251,12/05/2017 12:50:24 PM,12/05/2017 12:58:51 PM,1,0.6,1,N,161,229,1,6.5,0,0.5,1.25,0,0.3,8.55
252,12/05/2017 12:05:30 PM,12/05/2017 12:10:41 PM,1,0.7,1,N,236,262,2,5,0,0.5,0,0,0.3,5.8
253,12/05/2017 12:22:20 PM,12/05/2017 12:33:19 PM,1,0.9,1,N,262,140,1,8.5,0,0.5,1.85,0,0.3,11.15
254,12/05/2017 12:36:25 PM,12/05/2017 12:53:53 PM,1,1.4,1,N,140,233,2,11.5,0,0.5,0,0,0.3,12.3
255,12/05/2017 12:06:12 PM,12/05/2017 12:16:56 PM,2,1.1,1,N,162,236,1,8.5,0,0.5,1.85,0,0.3,11.15
256,12/05/2017 12:42:20 PM,12/05/2017 01:13:07 PM,2,19.3,2,N,236,132,2,52,0,0.5,0,5.76,0.3,58.56
257,12/05/2017 12:15:23 PM,12/05/2017 12:21:03 PM,1,0.5,1,N,234,113,1,5,0,0.5,1,0,0.3,6.8
258,12/05/2017 12:32:15 PM,12/05/2017 12:44:10 PM,1,0.9,1,N,113,68,2,8.5,0,0.5,0,0,0.3,9.3
259,12/05/2017 12:41:41 PM,12/05/2017 01:01:28 PM,1,2.66,1,N,224,163,1,14.5,0,0.5,2,0,0.3,17.3
260,12/05/2017 12:30:35 PM,12/05/2017 12:33:46 PM,3,0.54,1,N,141,141,1,4,0,0.5,1.2,0,0.3,6
261,12/05/2017 12:42:37 PM,12/05/2017 12:53:12 PM,4,2.11,1,N,262,162,2,10,0,0.5,0,0,0.3,10.8
262,12/05/2017 12:56:24 PM,12/05/2017 01:08:31 PM,5,2.04,1,N,237,233,2,11,0,0.5,0,0,0.3,11.8
263,12/05/2017 12:22:33 PM,12/05/2017 12:35:13 PM,1,2.3,1,N,13,113,1,11,0,0.5,2.35,0,0.3,14.15
264,12/05/2017 12:21:35 PM,12/05/2017 12:39:33 PM,1,0.78,1,N,137,164,1,11.5,0,0.5,1,0,0.3,13.3
265,12/05/2017 12:51:41 PM,12/05/2017 01:13:13 PM,1,1.86,1,N,137,163,1,13.5,0,0.5,4.29,0,0.3,18.59
266,12/05/2017 12:00:51 PM,12/05/2017 12:35:53 PM,1,11.12,1,N,114,138,1,36,0,0.5,8.51,5.76,0.3,51.07
267,12/05/2017 12:15:57 PM,12/05/2017 12:31:25 PM,1,1.2,1,N,186,170,1,10.5,0,0.5,2.25,0,0.3,13.55
268,12/05/2017 12:31:50 PM,12/05/2017 12:39:41 PM,1,0.7,1,N,170,161,1,6.5,0,0.5,1.45,0,0.3,8.75
269,12/05/2017 12:42:56 PM,12/05/2017 01:03:41 PM,1,1.4,1,N,162,100,1,13,0,0.5,3.45,0,0.3,17.25
270,12/05/2017 12:14:50 PM,12/05/2017 12:24:13 PM,1,0.8,1,N,161,170,1,7,0,0.5,1.5,0,0.3,9.3
271,12/05/2017 12:29:58 PM,12/05/2017 12:48:19 PM,1,0.8,1,N,162,237,2,12,0,0.5,0,0,0.3,12.8
272,12/05/2017 12:49:30 PM,12/05/2017 01:00:52 PM,1,1.7,1,N,237,164,2,9.5,0,0.5,0,0,0.3,10.3
273,12/05/2017 12:34:40 PM,12/05/2017 12:46:18 PM,1,1.4,1,N,246,48,1,9,0,0.5,2,0,0.3,11.8
274,12/05/2017 12:14:54 PM,12/05/2017 12:32:30 PM,1,2.2,1,N,137,237,1,13,0,0.5,2.75,0,0.3,16.55
275,12/05/2017 12:29:36 PM,12/05/2017 01:14:23 PM,1,19.3,2,N,132,263,1,52,0,0.5,0,5.76,0.3,58.56
276,12/05/2017 12:19:51 PM,12/05/2017 12:52:38 PM,2,5.8,1,N,261,162,1,26.5,0,0.5,5.45,0,0.3,32.75
277,12/05/2017 12:26:11 PM,12/05/2017 12:34:38 PM,2,1.5,1,N,43,239,1,8,0,0.5,1.75,0,0.3,10.55
278,12/05/2017 12:44:07 PM,12/05/2017 01:49:25 PM,2,32.1,5,N,132,265,2,83,0,0,0,19.01,0.3,102.31
279,12/05/2017 12:10:59 PM,12/05/2017 12:15:20 PM,1,0.74,1,N,170,107,1,5,0,0.5,0.7,0,0.3,6.5
280,12/05/2017 12:16:54 PM,12/05/2017 12:30:56 PM,1,0.79,1,N,107,90,1,9.5,0,0.5,1,0,0.3,11.3
281,12/05/2017 12:53:58 PM,12/06/2017 11:57:37 AM,1,2.18,1,N,107,45,1,14,0,0.5,2.22,0,0.3,17.02
282,12/05/2017 12:07:45 PM,12/05/2017 12:20:20 PM,1,1.5,1,Y,234,114,2,9.5,0,0.5,0,0,0.3,10.3
283,12/05/2017 12:29:27 PM,12/05/2017 01:09:14 PM,1,3.6,1,Y,144,163,1,23.5,0,0.5,4.85,0,0.3,29.15
284,12/05/2017 12:05:21 PM,12/05/2017 12:25:34 PM,1,2.36,1,N,238,237,1,14,0,0.5,3.7,0,0.3,18.5
285,12/05/2017 12:32:05 PM,12/05/2017 12:43:32 PM,1,0.88,1,N,237,237,2,8.5,0,0.5,0,0,0.3,9.3
286,12/05/2017 12:46:07 PM,12/05/2017 12:52:48 PM,1,0.82,1,N,236,236,1,6.5,0,0.5,1.82,0,0.3,9.12
287,12/05/2017 12:06:28 PM,12/05/2017 12:20:00 PM,1,1.9,1,N,237,75,1,11,0,0.5,2.36,0,0.3,14.16
288,12/05/2017 12:07:34 PM,12/05/2017 12:16:26 PM,1,0.7,1,N,236,141,1,7,0,0.5,1.56,0,0.3,9.36
289,12/05/2017 12:18:37 PM,12/05/2017 12:39:56 PM,1,9,1,N,140,138,1,27,0,0.5,6.7,5.76,0.3,40.26
290,12/05/2017 12:13:07 PM,12/05/2017 01:07:07 PM,5,9.34,1,N,138,234,1,41.5,0,0.5,9.61,5.76,0.3,57.67
291,12/05/2017 12:03:41 PM,12/05/2017 12:16:19 PM,1,1.9,1,N,113,246,1,10,0,0.5,2.15,0,0.3,12.95
292,12/05/2017 12:17:36 PM,12/05/2017 12:28:35 PM,1,0.9,1,N,246,186,1,8,0,0.5,1.75,0,0.3,10.55
293,12/05/2017 12:41:09 PM,12/05/2017 12:50:45 PM,1,0.8,1,N,113,90,1,7.5,0,0.5,1.65,0,0.3,9.95
294,12/05/2017 12:39:12 PM,12/05/2017 12:51:47 PM,1,0.9,1,N,140,162,2,8.5,0,0.5,0,0,0.3,9.3
295,12/05/2017 12:56:40 PM,12/05/2017 12:59:08 PM,1,0.5,1,N,141,141,1,4,0,0.5,0.48,0,0.3,5.28
296,12/05/2017 12:46:26 PM,12/05/2017 01:28:25 PM,2,14.8,1,N,132,226,1,46,0,0.5,3,0,0.3,49.8
297,12/05/2017 12:09:21 PM,12/05/2017 12:16:35 PM,1,0.8,1,N,113,4,1,6.5,0,0.5,1.46,0,0.3,8.76
298,12/05/2017 12:40:35 PM,12/05/2017 12:57:18 PM,1,6.47,1,N,140,88,1,21,0,0.5,4.36,0,0.3,26.16
299,12/05/2017 12:16:33 PM,12/05/2017 12:21:31 PM,1,0.7,1,N,264,264,1,5.5,0,0.5,1.25,0,0.3,7.55
300,12/05/2017 12:39:33 PM,12/05/2017 12:43:29 PM,1,0.8,1,N,264,264,1,5,0,0.5,1.15,0,0.3,6.95
301,12/05/2017 12:50:27 PM,12/05/2017 01:12:01 PM,1,3.9,1,N,264,264,1,17,0,0.5,2.2,0,0.3,20
302,12/05/2017 12:10:19 PM,12/05/2017 12:43:32 PM,1,15.9,1,N,87,130,1,45,0,0.5,12.89,5.76,0.3,64.45
303,12/05/2017 12:44:16 PM,12/05/2017 12:58:54 PM,1,2.03,1,N,239,151,2,9.5,0,0.5,0,0,0.3,10.3
304,12/05/2017 12:59:16 PM,12/05/2017 01:11:31 PM,1,1.82,1,N,151,263,1,10,0,0.5,2.16,0,0.3,12.96
305,12/05/2017 12:31:44 PM,12/05/2017 12:42:14 PM,1,1.27,1,N,65,49,2,8.5,0,0.5,0,0,0.3,9.3
306,12/05/2017 12:04:58 PM,12/05/2017 12:11:34 PM,1,0.8,1,N,233,237,1,6,0,0.5,1.7,0,0.3,8.5
307,12/05/2017 12:17:24 PM,12/05/2017 12:32:02 PM,1,0.98,1,N,237,237,2,9,0,0.5,0,0,0.3,9.8
308,12/05/2017 12:24:35 PM,12/05/2017 12:40:19 PM,1,2.06,1,N,68,113,1,11.5,0,0.5,3,0,0.3,15.3
309,12/05/2017 12:46:30 PM,12/05/2017 02:13:06 PM,1,18.3,2,N,132,230,1,52,0,0.5,14.6,5.76,0.3,73.16
310,12/05/2017 12:24:30 PM,12/05/2017 12:43:33 PM,1,1.7,1,N,170,48,1,13,0,0.5,1,0,0.3,14.8
311,12/05/2017 12:49:54 PM,12/05/2017 01:17:42 PM,2,1.4,1,N,48,162,2,16.5,0,0.5,0,0,0.3,17.3
312,12/05/2017 12:07:12 PM,12/05/2017 12:21:13 PM,2,1.07,1,N,161,237,1,10,0,0.5,2.16,0,0.3,12.96
313,12/05/2017 12:33:00 PM,12/05/2017 01:02:14 PM,2,7.27,1,N,162,13,1,27.5,0,0.5,7.08,0,0.3,35.38
314,12/05/2017 12:17:01 PM,12/05/2017 12:37:22 PM,1,1.98,1,N,170,143,1,13.5,0,0.5,2.86,0,0.3,17.16
315,12/05/2017 12:45:15 PM,12/05/2017 12:49:47 PM,1,0.86,1,N,239,238,1,5.5,0,0.5,0.75,0,0.3,7.05
316,12/05/2017 12:15:34 PM,12/05/2017 12:26:39 PM,1,1.96,1,N,90,231,1,9.5,0,0.5,1,0,0.3,11.3
317,12/05/2017 12:53:41 PM,12/05/2017 01:03:14 PM,1,1.21,1,N,246,186,1,7.5,0,0.5,1.8,0,0.3,10.1
318,12/05/2017 12:19:16 PM,12/05/2017 12:40:59 PM,1,3.5,1,N,224,140,2,16,0,0.5,0,0,0.3,16.8
319,12/05/2017 12:47:44 PM,12/05/2017 01:09:05 PM,1,2.1,1,N,263,141,1,14,0,0.5,3.7,0,0.3,18.5
320,12/05/2017 12:00:46 PM,12/05/2017 12:11:55 PM,1,1.1,1,N,114,68,2,8,0,0.5,0,0,0.3,8.8
321,12/05/2017 12:12:51 PM,12/05/2017 12:24:43 PM,1,0.8,1,N,68,90,1,8.5,0,0.5,1.4,0,0.3,10.7
322,12/05/2017 12:47:34 PM,12/05/2017 01:02:59 PM,1,1.1,1,N,234,170,3,9.5,0,0.5,0,0,0.3,10.3
323,12/05/2017 12:03:16 PM,12/05/2017 12:40:43 PM,2,3.69,1,N,140,246,1,24,0,0.5,0,0,0.3,24.8
324,12/05/2017 12:46:31 PM,12/05/2017 01:26:11 PM,2,10.5,1,N,163,138,1,38.5,0,0.5,9,5.76,0.3,54.06
325,12/05/2017 12:08:07 PM,12/05/2017 12:48:21 PM,1,4,1,N,261,170,1,24.5,0,0.5,10,0,0.3,35.3
326,12/05/2017 12:50:35 PM,12/05/2017 01:47:10 PM,1,11.8,1,N,138,170,1,45,0,0.5,10.3,5.76,0.3,61.86
327,12/05/2017 12:07:15 PM,12/05/2017 12:13:18 PM,1,0.8,1,N,42,41,2,6,0,0.5,0,0,0.3,6.8
328,12/05/2017 12:47:33 PM,12/05/2017 12:57:09 PM,1,1.4,1,N,142,236,2,8.5,0,0.5,0,0,0.3,9.3
329,12/05/2017 12:59:11 PM,12/05/2017 01:07:35 PM,1,1.7,1,N,236,142,1,8,0,0.5,1,0,0.3,9.8
330,12/05/2017 11:59:31 AM,12/05/2017 12:03:59 PM,2,0.87,1,N,233,137,1,5,0,0.5,1.16,0,0.3,6.96
331,12/05/2017 12:18:15 PM,12/05/2017 12:22:54 PM,1,0.66,1,N,90,68,2,5,0,0.5,0,0,0.3,5.8
332,12/05/2017 12:38:34 PM,12/05/2017 12:51:13 PM,1,1.95,1,N,68,211,1,10,0,0.5,1,0,0.3,11.8
333,12/05/2017 12:53:23 PM,12/05/2017 12:59:46 PM,1,1.03,1,N,144,249,1,6.5,0,0.5,1.46,0,0.3,8.76
334,12/05/2017 12:16:59 PM,12/05/2017 12:30:43 PM,1,2.01,1,N,246,234,1,10.5,0,0.5,2.26,0,0.3,13.56
335,12/05/2017 12:39:18 PM,12/05/2017 01:02:32 PM,1,2.26,1,N,164,232,1,15.5,0,0.5,0,0,0.3,16.3
336,12/05/2017 12:47:53 PM,12/05/2017 01:05:41 PM,1,0.78,1,N,137,233,2,11.5,0,0.5,0,0,0.3,12.3
337,12/05/2017 12:01:57 PM,12/05/2017 12:11:36 PM,1,0.9,1,N,263,236,2,7.5,0,0.5,0,0,0.3,8.3
338,12/05/2017 12:12:31 PM,12/05/2017 12:34:19 PM,1,1.4,1,N,236,163,1,14,0,0.5,2,0,0.3,16.8
339,12/05/2017 12:47:46 PM,12/05/2017 12:53:44 PM,1,0.8,1,N,142,239,2,6,0,0.5,0,0,0.3,6.8
340,12/05/2017 12:55:05 PM,12/05/2017 12:57:39 PM,1,0.8,1,N,264,238,1,4.5,0,0.5,1.05,0,0.3,6.35
341,12/05/2017 12:09:56 PM,12/05/2017 12:22:10 PM,1,4.93,1,N,191,101,1,16,0,0.5,0,0,0.3,16.8
342,12/05/2017 12:39:03 PM,12/05/2017 12:50:04 PM,1,3.96,1,N,101,38,1,13.5,0,0.5,0,0,0.3,14.3
343,12/05/2017 12:07:06 PM,12/05/2017 12:31:13 PM,1,1.56,1,N,164,162,1,14.5,0,0.5,2,0,0.3,17.3
344,12/05/2017 12:49:02 PM,12/05/2017 01:01:38 PM,1,0.88,1,N,162,229,1,9,0,0.5,1.96,0,0.3,11.76
345,12/05/2017 12:20:17 PM,12/05/2017 12:37:42 PM,1,0.9,1,N,90,100,1,11,0,0.5,2.35,0,0.3,14.15
346,12/05/2017 12:43:30 PM,12/05/2017 01:00:28 PM,1,3,1,N,186,87,1,13,0,0.5,3.5,0,0.3,17.3
347,12/05/2017 12:32:58 PM,12/05/2017 12:42:31 PM,1,1.4,1,N,161,170,1,8,0,0.5,2.2,0,0.3,11
348,12/05/2017 12:53:14 PM,12/05/2017 01:01:18 PM,1,1.7,1,N,239,151,1,8,0,0.5,1.75,0,0.3,10.55
349,12/05/2017 12:13:38 PM,12/05/2017 12:19:54 PM,1,1.08,1,N,68,249,2,6.5,0,0.5,0,0,0.3,7.3
350,12/05/2017 12:23:47 PM,12/05/2017 12:30:06 PM,1,0.71,1,N,113,234,1,6,0,0.5,1.36,0,0.3,8.16
351,12/05/2017 12:39:36 PM,12/05/2017 01:15:17 PM,1,3.07,1,N,186,43,1,21.5,0,0.5,4.46,0,0.3,26.76
352,12/05/2017 12:52:45 PM,12/05/2017 01:10:57 PM,2,1.52,1,N,264,264,1,12,0,0.5,1.92,0,0.3,14.72
353,12/05/2017 12:28:01 PM,12/05/2017 12:37:20 PM,1,1.4,1,N,137,229,1,8,0,0.5,1,0,0.3,9.8
354,12/05/2017 12:39:53 PM,12/05/2017 01:02:29 PM,1,2.9,1,N,229,90,1,15.5,0,0.5,4.05,0,0.3,20.35
355,12/05/2017 12:05:57 PM,12/05/2017 12:40:05 PM,1,2.9,1,N,211,162,1,21,0,0.5,4.35,0,0.3,26.15
356,12/05/2017 12:20:29 PM,12/05/2017 12:35:56 PM,1,1.6,1,N,68,144,1,10.5,0,0.5,2.25,0,0.3,13.55
357,12/05/2017 12:38:11 PM,12/05/2017 12:47:29 PM,1,1.4,1,N,144,158,1,7.5,0,0.5,2.05,0,0.3,10.35
358,12/05/2017 12:56:32 PM,12/05/2017 01:16:00 PM,1,6.6,1,N,68,42,2,21.5,0,0.5,0,0,0.3,22.3
359,12/05/2017 12:38:49 PM,12/05/2017 01:01:32 PM,5,2.46,1,N,238,237,1,15,0,0.5,3.16,0,0.3,18.96
360,12/05/2017 12:21:11 PM,12/05/2017 12:44:21 PM,1,1.9,1,N,236,140,2,14.5,0,0.5,0,0,0.3,15.3
361,12/05/2017 12:48:01 PM,12/05/2017 01:16:14 PM,1,5.7,1,N,140,152,2,23,0,0.5,0,0,0.3,23.8
362,12/05/2017 12:10:22 PM,12/05/2017 12:18:25 PM,1,0.9,1,N,141,140,1,7,0,0.5,2.3,0,0.3,10.1
363,12/05/2017 12:20:21 PM,12/05/2017 12:30:46 PM,1,1.2,1,N,140,236,2,8.5,0,0.5,0,0,0.3,9.3
364,12/05/2017 12:50:48 PM,12/05/2017 12:59:17 PM,1,1.7,1,N,262,229,1,8.5,0,0.5,2.75,0,0.3,12.05
365,12/05/2017 12:32:00 PM,12/05/2017 12:58:35 PM,1,2.1,1,N,143,161,1,17,0,0.5,3.55,0,0.3,21.35
366,12/05/2017 12:34:55 PM,12/05/2017 12:53:00 PM,1,6.53,1,N,264,264,2,21.5,0,0.5,0,0,0.3,22.3
367,12/05/2017 12:16:36 PM,12/05/2017 12:26:58 PM,6,0.82,1,N,161,233,2,7.5,0,0.5,0,0,0.3,8.3
368,12/05/2017 12:53:58 PM,12/05/2017 01:05:51 PM,6,1.03,1,N,164,161,1,8.5,0,0.5,1.86,0,0.3,11.16
369,12/05/2017 12:12:59 PM,12/05/2017 12:40:34 PM,1,9.6,1,N,138,144,1,29.5,0,0.5,6.05,0,0.3,36.35
370,12/05/2017 12:41:58 PM,12/05/2017 01:12:50 PM,1,3.5,1,N,144,162,1,20,0,0.5,4.15,0,0.3,24.95
371,12/05/2017 12:10:51 PM,12/05/2017 12:30:31 PM,1,2.5,1,N,161,113,1,14,0,0.5,1,0,0.3,15.8
372,12/05/2017 12:34:25 PM,12/05/2017 01:04:59 PM,1,2.2,1,N,249,163,1,18,0,0.5,3.75,0,0.3,22.55
373,12/05/2017 12:52:26 PM,12/05/2017 01:06:21 PM,1,0.89,1,N,170,162,2,9.5,0,0.5,0,0,0.3,10.3
374,12/05/2017 12:56:10 PM,12/05/2017 01:49:24 PM,2,10.6,1,N,138,161,1,43,0,0.5,9.91,5.76,0.3,59.47
375,12/05/2017 12:06:16 PM,12/05/2017 12:09:21 PM,2,0.9,1,N,238,151,1,5,0,0.5,1.7,0,0.3,7.5
376,12/05/2017 12:28:10 PM,12/05/2017 12:39:03 PM,1,1.2,1,N,239,142,1,8.5,0,0.5,1.4,0,0.3,10.7
377,12/05/2017 12:59:07 PM,12/05/2017 01:02:28 PM,1,0.6,1,N,24,151,1,4.5,0,0.5,1.05,0,0.3,6.35
378,12/05/2017 12:39:50 PM,12/05/2017 01:04:38 PM,1,2.2,1,N,140,162,3,17,0,0.5,0,0,0.3,17.8
379,12/05/2017 12:10:48 PM,12/05/2017 12:46:36 PM,1,21.9,2,N,13,132,1,52,0,0.5,11.71,5.76,0.3,70.27
380,12/05/2017 12:22:42 PM,12/05/2017 12:34:53 PM,1,0.71,1,N,162,161,2,8.5,0,0.5,0,0,0.3,9.3
381,12/05/2017 12:42:44 PM,12/05/2017 12:48:32 PM,1,0.76,1,N,164,234,2,6,0,0.5,0,0,0.3,6.8
382,12/05/2017 12:54:24 PM,12/05/2017 01:18:35 PM,1,1.36,1,N,90,170,1,15,0,0.5,3.16,0,0.3,18.96
383,12/05/2017 12:17:41 PM,12/05/2017 12:50:48 PM,2,19.89,2,N,231,132,1,52,0,0.5,11.71,5.76,0.3,70.27
384,12/05/2017 12:22:56 PM,12/05/2017 12:33:02 PM,1,0.57,1,N,237,161,1,7.5,0,0.5,1,0,0.3,9.3
385,12/05/2017 12:35:28 PM,12/05/2017 12:46:58 PM,1,0.68,1,N,161,230,2,8,0,0.5,0,0,0.3,8.8
386,12/05/2017 12:54:15 PM,12/05/2017 01:20:42 PM,1,1.19,1,N,230,162,1,16,0,0.5,1.11,0,0.3,17.91
387,12/05/2017 12:08:57 PM,12/05/2017 12:24:20 PM,1,0.9,1,N,246,100,2,10,0,0.5,0,0,0.3,10.8
388,12/05/2017 12:26:49 PM,12/05/2017 12:44:04 PM,1,1.4,1,N,186,107,1,11.5,0,0.5,0,0,0.3,12.3
389,12/05/2017 12:58:48 PM,12/05/2017 01:13:40 PM,1,1.5,1,N,137,230,1,10.5,0,0.5,2.25,0,0.3,13.55
390,12/05/2017 12:12:32 PM,12/05/2017 12:23:10 PM,1,1.1,1,N,161,170,1,8.5,0,0.5,2,0,0.3,11.3
391,12/05/2017 12:43:58 PM,12/05/2017 12:51:11 PM,1,1.1,1,N,170,107,1,7,0,0.5,1.95,0,0.3,9.75
392,12/05/2017 12:52:29 PM,12/05/2017 12:59:52 PM,1,1.1,1,N,107,137,1,6.5,0,0.5,1.45,0,0.3,8.75
393,12/05/2017 12:15:32 PM,12/05/2017 12:23:10 PM,1,0.5,1,Y,237,162,2,6,0,0.5,0,0,0.3,6.8
394,12/05/2017 12:29:48 PM,12/05/2017 12:34:26 PM,1,0.7,1,Y,141,229,1,5,0,0.5,1,0,0.3,6.8
395,12/05/2017 12:45:30 PM,12/05/2017 12:54:29 PM,2,0.2,1,N,141,237,1,7,0,0.5,1.55,0,0.3,9.35
396,12/05/2017 12:08:15 PM,12/05/2017 12:11:57 PM,2,0.08,1,N,164,186,2,4,0,0.5,0,0,0.3,4.8
397,12/05/2017 12:15:41 PM,12/05/2017 12:44:55 PM,2,3.77,1,N,186,87,1,20,0,0.5,5.2,0,0.3,26
398,12/05/2017 12:52:15 PM,12/05/2017 01:25:31 PM,2,5.63,1,N,87,161,1,26.5,0,0.5,5.46,0,0.3,32.76
399,12/05/2017 11:57:04 AM,12/05/2017 12:03:56 PM,1,0.62,1,N,100,230,2,6,0,0.5,0,0,0.3,6.8
400,12/05/2017 12:04:36 PM,12/05/2017 12:39:48 PM,1,2.54,1,N,230,107,2,20.5,0,0.5,0,0,0.3,21.3
401,12/05/2017 12:45:12 PM,12/05/2017 12:54:36 PM,1,1.19,1,N,137,79,2,7.5,0,0.5,0,0,0.3,8.3
402,12/05/2017 12:03:56 PM,12/05/2017 12:19:52 PM,1,2.48,1,N,236,48,2,12.5,0,0.5,0,0,0.3,13.3
403,12/05/2017 12:31:08 PM,12/05/2017 12:59:29 PM,1,1.64,1,N,100,162,2,17,0,0.5,0,0,0.3,17.8
404,12/05/2017 12:18:54 PM,12/05/2017 12:35:28 PM,1,2.1,1,N,151,142,2,12,0,0.5,0,0,0.3,12.8
405,12/05/2017 12:42:34 PM,12/05/2017 12:44:35 PM,1,0.3,1,N,143,239,1,3.5,0,0.5,1.25,0,0.3,5.55
406,12/05/2017 12:26:07 PM,12/05/2017 12:32:56 PM,1,0.63,1,N,43,239,2,5.5,0,0.5,0,0,0.3,6.3
407,12/05/2017 12:45:53 PM,12/05/2017 12:51:32 PM,1,0.65,1,N,239,236,1,5.5,0,0.5,1.26,0,0.3,7.56
408,12/05/2017 12:30:50 PM,12/05/2017 12:34:00 PM,1,0.3,1,N,233,137,1,4,0,0.5,1,0,0.3,5.8
409,12/05/2017 12:55:24 PM,12/05/2017 01:02:11 PM,1,1,1,N,140,236,1,6.5,0,0.5,1,0,0.3,8.3
410,12/05/2017 12:21:09 PM,12/05/2017 12:41:26 PM,5,3.11,1,N,138,129,2,15,0,0.5,0,0,0.3,15.8
411,12/05/2017 12:03:06 PM,12/05/2017 12:12:34 PM,1,1.2,1,N,114,232,1,8,0,0.5,2.2,0,0.3,11
412,12/05/2017 12:26:25 PM,12/05/2017 12:30:59 PM,1,0.8,1,N,24,166,1,5,0,0.5,1.45,0,0.3,7.25
413,12/05/2017 12:23:27 PM,12/05/2017 12:36:48 PM,2,1.61,1,N,100,68,1,9.5,0,0.5,1.2,0,0.3,11.5
414,12/05/2017 12:41:46 PM,12/05/2017 12:48:08 PM,2,0.75,1,N,249,211,2,6,0,0.5,0,0,0.3,6.8
415,12/05/2017 12:07:36 PM,12/05/2017 12:18:50 PM,1,0.51,1,N,100,230,2,8,0,0.5,0,0,0.3,8.8
416,12/05/2017 12:52:55 PM,12/05/2017 01:00:50 PM,1,0.87,1,N,142,143,1,7,0,0.5,2.34,0,0.3,10.14
417,12/05/2017 12:14:05 PM,12/05/2017 12:30:30 PM,5,2.31,1,N,141,143,1,12.5,0,0.5,1,0,0.3,14.3
418,12/05/2017 12:34:10 PM,12/05/2017 12:46:06 PM,5,1.37,1,N,142,141,1,9,0,0.5,1.96,0,0.3,11.76
419,12/05/2017 12:33:09 PM,12/05/2017 12:41:22 PM,2,0.83,1,N,140,237,2,6.5,0,0.5,0,0,0.3,7.3
420,12/05/2017 12:55:12 PM,12/05/2017 01:02:20 PM,1,0.6,1,N,162,170,2,6,0,0.5,0,0,0.3,6.8
421,12/05/2017 12:35:06 PM,12/05/2017 12:52:11 PM,2,6.48,1,N,162,13,1,21,0,0.5,2,0,0.3,23.8
422,12/05/2017 12:53:23 PM,12/05/2017 01:05:13 PM,2,1.78,1,N,13,87,1,10.5,0,0.5,1.7,0,0.3,13
423,12/05/2017 12:11:19 PM,12/05/2017 12:19:44 PM,1,3.9,1,N,107,88,2,12.5,0,0.5,0,0,0.3,13.3
424,12/05/2017 12:22:08 PM,12/05/2017 12:32:46 PM,1,1.3,1,N,88,13,1,8.5,0,0.5,1.85,0,0.3,11.15
425,12/05/2017 12:46:00 PM,12/05/2017 01:08:12 PM,1,2.2,1,N,261,113,1,14.5,0,0.5,3.05,0,0.3,18.35
426,12/05/2017 12:07:36 PM,12/05/2017 12:15:44 PM,1,2.5,1,N,137,232,2,10,0,0.5,0,0,0.3,10.8
427,12/05/2017 12:26:24 PM,12/05/2017 12:44:44 PM,1,2.1,1,N,79,68,1,13,0,0.5,1.2,0,0.3,15
428,12/05/2017 12:53:29 PM,12/05/2017 01:17:03 PM,1,2.5,1,N,246,163,1,15.5,0,0.5,3.25,0,0.3,19.55
429,12/05/2017 12:09:51 PM,12/05/2017 12:32:03 PM,1,4.5,1,N,140,234,1,19,0,0.5,3.95,0,0.3,23.75
430,12/05/2017 12:33:20 PM,12/05/2017 12:51:00 PM,1,1.5,1,N,234,246,1,12,0,0.5,1,0,0.3,13.8
431,12/05/2017 12:52:25 PM,12/05/2017 01:14:31 PM,1,6.7,1,N,246,116,2,23,0,0.5,0,0,0.3,23.8
432,12/05/2017 12:06:25 PM,12/05/2017 12:14:13 PM,1,1.4,1,N,143,246,2,7.5,0,0.5,0,0,0.3,8.3
433,12/05/2017 12:17:49 PM,12/05/2017 12:31:19 PM,1,1.3,1,N,50,164,1,9.5,0,0.5,2.06,0,0.3,12.36
434,12/05/2017 12:45:02 PM,12/05/2017 12:48:23 PM,1,0.2,1,N,170,170,2,4,0,0.5,0,0,0.3,4.8
435,12/05/2017 12:53:07 PM,12/05/2017 01:03:30 PM,1,1.3,1,N,107,249,1,8,0,0.5,2.6,0,0.3,11.4
436,12/05/2017 12:07:50 PM,12/05/2017 12:22:54 PM,1,1.5,1,N,211,90,1,10.5,0,0.5,2.03,0,0.3,13.33
437,12/05/2017 12:25:43 PM,12/05/2017 12:45:50 PM,1,1.3,1,N,90,107,2,12.5,0,0.5,0,0,0.3,13.3
438,12/05/2017 12:29:54 PM,12/05/2017 02:16:40 PM,1,18.46,2,N,132,100,2,52,0,0.5,0,5.76,0.3,58.56
439,12/05/2017 12:01:10 PM,12/05/2017 12:10:05 PM,1,1.4,1,N,237,236,1,8,0,0.5,1.32,0,0.3,10.12
440,12/05/2017 12:30:45 PM,12/05/2017 12:46:42 PM,1,1.8,1,N,140,161,1,11.5,0,0.5,2.45,0,0.3,14.75
441,12/05/2017 12:47:50 PM,12/05/2017 12:54:35 PM,1,0.4,1,N,161,161,2,6,0,0.5,0,0,0.3,6.8
442,12/05/2017 12:26:18 PM,12/05/2017 12:53:07 PM,1,9.78,1,N,138,79,1,29,0,0.5,5.96,0,0.3,35.76
443,12/05/2017 12:12:33 PM,12/05/2017 12:22:52 PM,1,0.9,1,N,170,229,1,8,0,0.5,2.2,0,0.3,11
444,12/05/2017 12:33:18 PM,12/05/2017 12:39:19 PM,1,0.9,1,N,262,236,1,6,0,0.5,1,0,0.3,7.8
445,12/05/2017 12:57:05 PM,12/05/2017 01:34:57 PM,1,3.1,1,N,236,164,1,23,0,0.5,1,0,0.3,24.8
446,12/05/2017 12:02:50 PM,12/05/2017 12:27:15 PM,1,1.4,1,N,246,161,1,15,0,0.5,2,0,0.3,17.8
447,12/05/2017 12:31:02 PM,12/05/2017 12:49:29 PM,1,2,1,N,161,143,1,13,0,0.5,2.75,0,0.3,16.55
448,12/05/2017 12:36:49 PM,12/05/2017 12:56:32 PM,3,0.9,1,N,230,237,2,12.5,0,0.5,0,0,0.3,13.3
449,12/05/2017 12:58:46 PM,12/05/2017 01:12:47 PM,2,1.9,1,N,237,75,2,11,0,0.5,0,0,0.3,11.8
450,12/05/2017 12:54:29 PM,12/05/2017 01:02:01 PM,3,0.99,1,N,68,158,1,6.5,0,0.5,1.46,0,0.3,8.76
451,12/05/2017 12:44:47 PM,12/05/2017 01:21:57 PM,1,8.22,1,N,138,162,1,32,0,0.5,7.71,5.76,0.3,46.27
452,12/05/2017 12:08:38 PM,12/05/2017 12:15:16 PM,2,0.73,1,N,163,237,2,6,0,0.5,0,0,0.3,6.8
453,12/05/2017 12:16:54 PM,12/05/2017 12:30:23 PM,3,1.15,1,N,237,161,1,9.5,0,0.5,2.06,0,0.3,12.36
454,12/05/2017 12:31:06 PM,12/05/2017 12:57:46 PM,2,1.29,1,N,161,100,1,16,0,0.5,3,0,0.3,19.8
455,12/05/2017 12:59:08 PM,12/05/2017 01:10:24 PM,2,1.18,1,N,100,246,1,8.5,0,0.5,1.86,0,0.3,11.16
456,12/05/2017 12:21:01 PM,12/05/2017 12:34:44 PM,1,1.8,1,N,261,211,2,10,0,0.5,0,0,0.3,10.8
457,12/05/2017 12:35:25 PM,12/05/2017 01:16:30 PM,1,8.6,1,N,138,234,1,34.5,0,0.5,10.25,5.76,0.3,51.31
458,12/05/2017 12:21:03 PM,12/05/2017 01:08:16 PM,6,18.55,3,N,162,1,1,73,0,0,20.68,28,0.3,121.98
459,12/05/2017 12:38:31 PM,12/05/2017 12:53:16 PM,1,1.18,1,N,79,234,1,10.5,0,0.5,0,0,0.3,11.3
460,12/05/2017 12:54:51 PM,12/05/2017 12:59:51 PM,1,0.65,1,N,234,113,1,5,0,0.5,1.16,0,0.3,6.96
461,12/05/2017 12:17:30 PM,12/05/2017 12:36:35 PM,1,1.33,1,N,186,161,1,12,0,0.5,2.56,0,0.3,15.36
462,12/05/2017 12:38:31 PM,12/05/2017 12:43:26 PM,1,0.45,1,N,161,164,1,5,0,0.5,1.16,0,0.3,6.96
463,12/05/2017 12:46:17 PM,12/05/2017 12:55:52 PM,1,1.83,1,N,164,249,1,8.5,0,0.5,1.86,0,0.3,11.16
464,12/05/2017 12:00:39 PM,12/05/2017 12:24:32 PM,1,1.6,1,N,162,164,1,15,0,0.5,0,0,0.3,15.8
465,12/05/2017 12:38:55 PM,12/05/2017 12:58:25 PM,1,1.9,1,N,164,237,1,13,0,0.5,3.45,0,0.3,17.25
466,12/05/2017 12:00:47 PM,12/05/2017 12:15:17 PM,1,4.81,1,N,87,162,2,17,0,0.5,0,0,0.3,17.8
467,12/05/2017 12:53:00 PM,12/05/2017 01:21:37 PM,1,16.17,1,N,231,138,1,44,0,0.5,10.11,5.76,0.3,60.67
468,12/05/2017 12:20:38 PM,12/05/2017 12:42:09 PM,1,6,1,N,141,45,1,21.5,0,0.5,2,0,0.3,24.3
469,12/05/2017 12:44:24 PM,12/05/2017 01:30:47 PM,1,5,1,N,144,230,1,29.5,0,0.5,1,0,0.3,31.3
470,12/05/2017 12:46:13 PM,12/05/2017 12:59:26 PM,1,4,1,N,209,107,1,14.5,0,0.5,3.05,0,0.3,18.35
471,12/05/2017 12:09:59 PM,12/05/2017 12:36:13 PM,1,1.8,1,N,237,100,2,16,0,0.5,0,0,0.3,16.8
472,12/05/2017 12:10:51 PM,12/05/2017 12:40:28 PM,2,3.91,1,N,186,236,2,19.5,0,0.5,0,0,0.3,20.3
473,12/05/2017 12:38:52 PM,12/05/2017 12:52:53 PM,1,1,1,Y,48,161,1,9.5,0,0.5,2.55,0,0.3,12.85
474,12/05/2017 12:54:40 PM,12/05/2017 01:08:29 PM,1,1.5,1,N,170,107,1,10,0,0.5,2.7,0,0.3,13.5
475,12/05/2017 12:00:24 PM,12/05/2017 12:18:03 PM,1,2.4,1,N,233,262,1,12.5,0,0.5,2.65,0,0.3,15.95
476,12/05/2017 12:35:18 PM,12/05/2017 12:39:03 PM,1,0.39,1,N,114,114,2,4.5,0,0.5,0,0,0.3,5.3
477,12/05/2017 11:56:48 AM,12/05/2017 12:12:59 PM,1,2.23,1,N,231,234,1,12,0,0.5,2.56,0,0.3,15.36
478,12/05/2017 12:23:34 PM,12/05/2017 12:36:36 PM,1,0.8,1,N,234,164,1,9,0,0.5,1.96,0,0.3,11.76
479,12/05/2017 12:50:32 PM,12/05/2017 12:56:23 PM,1,1.04,1,N,68,68,2,6,0,0.5,0,0,0.3,6.8
480,12/05/2017 12:22:41 PM,12/05/2017 01:20:52 PM,2,18.82,2,N,132,79,2,52,0,0.5,0,0,0.3,52.8
481,12/05/2017 12:39:22 PM,12/05/2017 12:43:39 PM,2,0.5,1,N,262,262,2,4.5,0,0.5,0,0,0.3,5.3
482,12/05/2017 12:21:31 PM,12/05/2017 12:25:16 PM,1,0.6,1,N,141,141,2,4.5,0,0.5,0,0,0.3,5.3
483,12/05/2017 12:26:53 PM,12/05/2017 12:37:43 PM,1,1.2,1,N,141,162,2,8,0,0.5,0,0,0.3,8.8
484,12/05/2017 12:58:59 PM,12/05/2017 01:14:52 PM,4,1.1,1,N,162,170,1,10.5,0,0.5,2.8,0,0.3,14.1
485,12/05/2017 12:07:21 PM,12/05/2017 12:25:21 PM,5,1.36,1,N,236,140,2,12,0,0.5,0,0,0.3,12.8
486,12/05/2017 12:31:22 PM,12/05/2017 12:42:34 PM,1,1.73,1,N,211,13,1,9.5,0,0.5,2.06,0,0.3,12.36
487,12/05/2017 12:43:53 PM,12/05/2017 01:03:37 PM,1,3.16,1,N,13,90,1,15.5,0,0.5,3.26,0,0.3,19.56
488,12/05/2017 12:09:12 PM,12/05/2017 12:14:06 PM,1,0.7,1,N,238,239,2,5,0,0.5,0,0,0.3,5.8
489,12/05/2017 12:23:50 PM,12/05/2017 12:42:35 PM,1,2.3,1,N,151,142,2,13.5,0,0.5,0,0,0.3,14.3
490,12/05/2017 12:23:48 PM,12/05/2017 12:30:10 PM,1,0.03,1,N,138,138,2,5.5,0,0.5,0,0,0.3,6.3
491,12/05/2017 11:56:52 AM,12/05/2017 12:14:48 PM,1,3.71,1,N,74,126,2,15,0,0.5,0,0,0.3,15.8
492,12/05/2017 12:34:02 PM,12/05/2017 12:49:21 PM,1,1.18,1,N,75,237,2,10.5,0,0.5,0,0,0.3,11.3
493,12/05/2017 12:00:36 PM,12/05/2017 12:04:57 PM,1,0.53,1,N,236,75,2,4.5,0,0.5,0,0,0.3,5.3
494,12/05/2017 12:17:21 PM,12/05/2017 12:28:33 PM,2,0.63,1,N,236,237,1,8,0,0.5,1.76,0,0.3,10.56
495,12/05/2017 12:29:50 PM,12/05/2017 12:39:28 PM,1,1.48,1,N,237,238,1,8,0,0.5,1.76,0,0.3,10.56
496,12/05/2017 12:00:59 PM,12/05/2017 12:14:58 PM,2,0.99,1,N,68,170,1,9.5,0,0.5,2.06,0,0.3,12.36
497,12/05/2017 12:26:04 PM,12/05/2017 12:38:54 PM,2,1.36,1,N,162,140,1,9.5,0,0.5,2.58,0,0.3,12.88
498,12/05/2017 12:43:14 PM,12/05/2017 01:12:39 PM,2,2.79,1,N,140,107,2,18.5,0,0.5,0,0,0.3,19.3
499,12/05/2017 12:45:50 PM,12/05/2017 12:49:36 PM,1,0.72,1,N,170,229,2,4.5,0,0.5,0,0,0.3,5.3
500,12/05/2017 12:13:11 PM,12/05/2017 12:34:16 PM,1,6.67,1,N,162,231,1,23,0,0.5,4.76,0,0.3,28.56
501,12/05/2017 12:08:44 PM,12/05/2017 12:27:54 PM,1,1,1,N,107,90,1,12,0,0.5,2.55,0,0.3,15.35
502,12/05/2017 12:32:31 PM,12/05/2017 12:51:17 PM,1,3.5,1,N,249,66,1,15,0,0.5,3.95,0,0.3,19.75
503,12/05/2017 12:14:39 PM,12/05/2017 12:23:17 PM,1,0.8,1,N,90,158,1,6.5,0,0.5,1.45,0,0.3,8.75
504,12/05/2017 12:25:52 PM,12/05/2017 12:48:46 PM,1,1.2,1,N,68,100,1,14.5,0,0.5,3.05,0,0.3,18.35
505,12/05/2017 12:57:27 PM,12/05/2017 01:12:52 PM,1,1.9,1,N,164,144,1,11,0,0.5,1,0,0.3,12.8
506,12/05/2017 12:10:30 PM,12/05/2017 12:26:29 PM,1,1.2,1,N,233,234,1,11,0,0.5,2.35,0,0.3,14.15
507,12/05/2017 12:30:53 PM,12/05/2017 12:42:44 PM,1,0.7,1,N,234,68,1,8.5,0,0.5,1.85,0,0.3,11.15
508,12/05/2017 12:23:20 PM,12/05/2017 12:42:59 PM,1,0.8,1,N,186,161,1,12,0,0.5,3.2,0,0.3,16
509,12/05/2017 12:49:32 PM,12/05/2017 12:58:08 PM,1,0.8,1,N,161,237,2,7,0,0.5,0,0,0.3,7.8
510,12/05/2017 12:13:49 PM,12/05/2017 12:27:26 PM,1,1.4,1,N,236,163,2,10,0,0.5,0,0,0.3,10.8
511,12/05/2017 12:48:00 PM,12/05/2017 12:48:05 PM,1,0,2,N,161,161,3,52,0,0.5,0,0,0.3,52.8
512,12/05/2017 12:48:32 PM,12/05/2017 01:01:19 PM,1,1.6,1,N,162,234,1,10,0,0.5,2.15,0,0.3,12.95
513,12/05/2017 12:52:03 PM,12/05/2017 01:55:35 PM,3,18.2,2,N,132,151,1,52,0,0.5,10,5.76,0.3,68.56
514,12/05/2017 12:23:53 PM,12/05/2017 12:31:03 PM,4,1.24,1,N,164,90,2,7,0,0.5,0,0,0.3,7.8
515,12/05/2017 12:36:39 PM,12/05/2017 12:55:33 PM,1,1.91,1,N,246,170,1,13,0,0.5,2.76,0,0.3,16.56
516,12/05/2017 12:02:24 PM,12/05/2017 12:16:40 PM,1,1.15,1,N,43,43,1,10,0,0.5,2.16,0,0.3,12.96
517,12/05/2017 12:21:02 PM,12/05/2017 12:23:44 PM,1,0.35,1,N,163,161,2,4,0,0.5,0,0,0.3,4.8
518,12/05/2017 12:27:00 PM,12/05/2017 12:33:48 PM,1,0.7,1,N,161,100,2,6,0,0.5,0,0,0.3,6.8
519,12/05/2017 12:39:00 PM,12/05/2017 12:48:46 PM,1,0.55,1,N,164,170,2,7.5,0,0.5,0,0,0.3,8.3
520,12/05/2017 12:58:55 PM,12/05/2017 01:16:00 PM,1,0.87,1,N,233,237,2,11,0,0.5,0,0,0.3,11.8
521,12/05/2017 12:12:58 PM,12/05/2017 12:31:27 PM,2,2.9,1,N,161,125,1,13.5,0,0.5,2.85,0,0.3,17.15
522,12/05/2017 12:34:28 PM,12/05/2017 12:47:40 PM,1,1.9,1,N,125,107,1,10.5,0,0.5,2.25,0,0.3,13.55
523,12/05/2017 12:52:36 PM,12/05/2017 01:06:38 PM,1,1.4,1,N,107,161,1,10,0,0.5,2,0,0.3,12.8
524,12/05/2017 12:47:59 PM,12/05/2017 01:00:14 PM,1,1.68,1,N,234,148,1,9.5,0,0.5,2.06,0,0.3,12.36
525,12/05/2017 12:09:11 PM,12/05/2017 12:21:07 PM,1,0.9,1,N,140,237,1,9,0,0.5,2.94,0,0.3,12.74
526,12/05/2017 12:24:14 PM,12/05/2017 01:01:38 PM,1,19.63,2,N,236,132,1,52,0,0.5,11.71,5.76,0.3,70.27
527,12/05/2017 12:32:24 PM,12/05/2017 12:56:55 PM,2,1.8,1,N,113,164,1,15,0,0.5,3.16,0,0.3,18.96
528,12/05/2017 12:33:36 PM,12/05/2017 12:59:28 PM,1,1.39,1,N,233,230,1,16,0,0.5,3.36,0,0.3,20.16
529,12/05/2017 12:16:31 PM,12/05/2017 12:29:43 PM,1,1.8,1,N,158,231,1,10.5,0,0.5,2.26,0,0.3,13.56
530,12/05/2017 12:33:08 PM,12/05/2017 12:39:08 PM,1,0.9,1,N,261,231,1,6,0,0.5,1.7,0,0.3,8.5
531,12/05/2017 12:45:03 PM,12/05/2017 12:49:16 PM,1,0.9,1,N,231,125,1,5,0,0.5,1,0,0.3,6.8
532,12/05/2017 12:53:44 PM,12/05/2017 01:02:07 PM,1,1.3,1,N,125,90,1,7.5,0,0.5,2,0,0.3,10.3
533,12/05/2017 12:19:35 PM,12/05/2017 12:25:43 PM,1,1,1,N,107,79,2,6,0,0.5,0,0,0.3,6.8
534,12/05/2017 12:43:46 PM,12/05/2017 12:55:23 PM,1,1.4,1,N,90,158,1,9,0,0.5,1.95,0,0.3,11.75
535,12/05/2017 12:00:26 PM,12/05/2017 12:21:36 PM,1,1.1,1,N,162,230,1,13,0,0.5,2,0,0.3,15.8
536,12/05/2017 12:38:10 PM,12/05/2017 12:46:22 PM,1,0.8,1,N,162,237,1,7,0,0.5,1.5,0,0.3,9.3
537,12/05/2017 12:49:08 PM,12/05/2017 12:55:16 PM,1,0.9,1,N,237,262,1,6,0,0.5,1.35,0,0.3,8.15
538,12/05/2017 12:07:52 PM,12/05/2017 12:51:23 PM,2,8.8,1,N,138,170,1,36,0,0.5,8.5,5.76,0.3,51.06
539,12/05/2017 12:43:38 PM,12/05/2017 01:01:10 PM,1,1.93,1,N,229,234,2,12,0,0.5,0,0,0.3,12.8
540,12/05/2017 12:23:25 PM,12/05/2017 12:40:35 PM,1,2,1,N,113,231,2,12,0,0.5,0,0,0.3,12.8
541,12/05/2017 12:16:49 PM,12/05/2017 12:25:23 PM,1,0.9,1,N,236,263,2,7,0,0.5,0,0,0.3,7.8
542,12/05/2017 12:31:20 PM,12/05/2017 12:40:26 PM,1,0.8,1,N,263,141,1,7,0,0.5,1.95,0,0.3,9.75
543,12/05/2017 12:42:49 PM,12/05/2017 12:51:46 PM,1,0.9,1,N,237,140,2,7,0,0.5,0,0,0.3,7.8
544,12/05/2017 12:43:57 PM,12/05/2017 01:11:10 PM,6,8.85,1,N,237,138,1,29.5,0,0.5,6.06,0,0.3,36.36
545,12/05/2017 12:56:07 PM,12/05/2017 12:58:29 PM,1,0.37,1,N,231,231,1,3.5,0,0.5,0.5,0,0.3,4.8
546,12/05/2017 12:57:46 PM,12/05/2017 01:14:21 PM,1,1.09,1,N,230,100,1,11,0,0.5,3.54,0,0.3,15.34
547,12/05/2017 12:20:56 PM,12/05/2017 12:36:03 PM,1,1.94,1,N,162,142,1,11.5,0,0.5,1,0,0.3,13.3
548,12/05/2017 12:37:57 PM,12/05/2017 12:43:26 PM,1,0.87,1,N,142,239,1,5.5,0,0.5,1,0,0.3,7.3
549,12/05/2017 12:46:08 PM,12/05/2017 12:57:04 PM,1,1.15,1,N,239,237,1,8.5,0,0.5,2.32,0,0.3,11.62
550,12/05/2017 12:06:05 PM,12/05/2017 12:06:26 PM,1,0,5,N,264,1,1,95,0,0.5,15,0,0.3,110.8
551,12/05/2017 12:20:47 PM,12/05/2017 12:32:55 PM,1,2.1,1,N,237,238,2,10,0,0.5,0,0,0.3,10.8
552,12/05/2017 12:33:53 PM,12/05/2017 12:35:46 PM,1,0.5,1,N,239,238,1,3.5,0,0.5,1,0,0.3,5.3
553,12/05/2017 12:39:42 PM,12/05/2017 12:56:35 PM,1,1.9,1,N,239,237,1,12,0,0.5,3.2,0,0.3,16
554,12/05/2017 12:59:00 PM,12/05/2017 01:05:43 PM,1,0.7,1,N,237,140,2,6,0,0.5,0,0,0.3,6.8
555,12/05/2017 12:32:26 PM,12/05/2017 12:55:45 PM,0,1.4,1,N,164,48,1,14.5,0,0.5,3.8,0,0.3,19.1
556,12/05/2017 12:39:40 PM,12/05/2017 01:21:45 PM,1,17.3,1,N,132,185,2,52,0,0.5,0,5.76,0.3,58.56
557,12/05/2017 12:45:11 PM,12/05/2017 01:15:23 PM,1,3.83,1,N,162,125,1,20,0,0.5,4.16,0,0.3,24.96
558,12/05/2017 12:38:10 PM,12/05/2017 12:57:08 PM,1,1,1,N,234,186,1,12,0,0.5,2.55,0,0.3,15.35
559,12/05/2017 12:16:03 PM,12/05/2017 12:48:49 PM,1,5.4,1,N,189,186,2,24,0,0.5,0,0,0.3,24.8
560,12/05/2017 12:18:54 PM,12/05/2017 12:39:07 PM,1,7.53,1,N,75,138,1,24,0,0.5,5.75,5.76,0.3,36.31
561,12/05/2017 12:30:13 PM,12/05/2017 01:41:06 PM,1,17.71,2,N,10,43,1,52,0,0.5,6.56,5.76,0.3,65.12
562,12/05/2017 12:08:19 PM,12/05/2017 12:47:54 PM,1,12,1,N,264,264,1,37,0,0.5,6,0,0.3,43.8
563,12/05/2017 12:51:43 PM,12/05/2017 01:02:46 PM,1,3.7,1,N,264,264,2,13.5,0,0.5,0,0,0.3,14.3
564,12/05/2017 12:03:01 PM,12/05/2017 12:07:08 PM,6,0.58,1,N,142,143,2,5,0,0.5,0,0,0.3,5.8
565,12/05/2017 12:09:07 PM,12/05/2017 12:15:19 PM,6,0.7,1,N,142,239,1,5.5,0,0.5,1.58,0,0.3,7.88
566,12/05/2017 12:24:40 PM,12/05/2017 12:29:07 PM,6,0.53,1,N,166,24,2,5,0,0.5,0,0,0.3,5.8
567,12/05/2017 12:43:20 PM,12/05/2017 12:53:51 PM,6,1.02,1,N,142,163,2,8,0,0.5,0,0,0.3,8.8
568,12/05/2017 12:09:33 PM,12/05/2017 12:17:38 PM,1,1.6,1,N,48,239,1,8,0,0.5,1.5,0,0.3,10.3
569,12/05/2017 12:44:30 PM,12/05/2017 12:57:29 PM,1,1.83,1,N,238,48,1,10,0,0.5,2.16,0,0.3,12.96
570,12/05/2017 12:00:02 PM,12/05/2017 12:07:20 PM,1,1.2,1,N,264,264,1,7,0,0.5,1,0,0.3,8.8
571,12/05/2017 12:21:31 PM,12/05/2017 12:35:42 PM,1,0.7,1,N,264,264,1,9.5,0,0.5,3.05,0,0.3,13.35
572,12/05/2017 12:41:26 PM,12/05/2017 12:43:20 PM,1,0.4,1,N,264,264,1,3.5,0,0.5,1.05,0,0.3,5.35
573,12/05/2017 12:50:33 PM,12/05/2017 01:05:23 PM,1,1.3,1,N,264,264,2,10.5,0,0.5,0,0,0.3,11.3
574,12/05/2017 12:39:10 PM,12/05/2017 12:56:41 PM,3,0.85,1,N,164,68,1,11.5,0,0.5,1,0,0.3,13.3
575,12/05/2017 12:50:45 PM,12/05/2017 12:59:48 PM,2,0.3,1,N,170,230,2,7,0,0.5,0,0,0.3,7.8
576,12/05/2017 12:12:20 PM,12/05/2017 12:21:53 PM,1,1.3,1,N,141,237,2,8,0,0.5,0,0,0.3,8.8
577,12/05/2017 12:26:37 PM,12/05/2017 12:36:09 PM,1,1.3,1,N,229,237,2,8,0,0.5,0,0,0.3,8.8
578,12/05/2017 12:12:35 PM,12/05/2017 12:20:27 PM,1,1.2,1,N,264,264,2,7,0,0.5,0,0,0.3,7.8
579,12/05/2017 12:27:08 PM,12/05/2017 12:37:15 PM,1,1.2,1,N,264,264,1,8,0,0.5,1.75,0,0.3,10.55
580,12/05/2017 12:40:26 PM,12/05/2017 01:17:38 PM,2,3.8,1,N,264,264,2,23,0,0.5,0,0,0.3,23.8
581,12/05/2017 12:06:59 PM,12/05/2017 12:12:34 PM,1,1.16,1,N,68,249,1,6,0,0.5,1.36,0,0.3,8.16
582,12/05/2017 12:14:08 PM,12/05/2017 12:23:01 PM,1,0.4,1,N,249,113,1,7,0,0.5,1,0,0.3,8.8
583,12/05/2017 12:26:22 PM,12/05/2017 12:34:07 PM,1,0.95,1,N,79,144,2,7,0,0.5,0,0,0.3,7.8
584,12/05/2017 12:20:43 PM,12/05/2017 01:06:47 PM,1,11.8,1,N,138,161,1,41.5,0,0.5,14.4,5.76,0.3,62.46
585,12/05/2017 12:25:57 PM,12/05/2017 12:37:53 PM,1,1,1,N,75,236,1,8.5,0,0.5,1.86,0,0.3,11.16
586,12/05/2017 12:46:38 PM,12/05/2017 12:52:50 PM,1,0.9,1,N,236,238,2,6.5,0,0.5,0,0,0.3,7.3
587,12/05/2017 12:15:56 PM,12/05/2017 12:36:46 PM,1,2,1,N,263,237,1,13.5,0,0.5,0,0,0.3,14.3
588,12/05/2017 12:47:04 PM,12/05/2017 12:56:58 PM,1,1.1,1,N,161,164,1,7.5,0,0.5,2.05,0,0.3,10.35
589,12/05/2017 12:01:39 PM,12/05/2017 12:11:03 PM,2,1.31,1,N,239,238,1,8,0,0.5,1.76,0,0.3,10.56
590,12/05/2017 12:27:24 PM,12/05/2017 12:33:10 PM,2,0.9,1,N,143,142,1,5.5,0,0.5,1,0,0.3,7.3
591,12/05/2017 12:47:41 PM,12/05/2017 01:02:49 PM,2,1.2,1,N,68,234,1,10,0,0.5,2.16,0,0.3,12.96
592,12/05/2017 12:02:58 PM,12/05/2017 12:11:28 PM,1,0.8,1,N,158,90,1,7,0,0.5,0.28,0,0.3,8.08
593,12/05/2017 12:14:18 PM,12/05/2017 12:28:40 PM,1,0.6,1,N,90,164,1,9.5,0,0.5,2.05,0,0.3,12.35
594,12/05/2017 12:35:22 PM,12/05/2017 01:03:42 PM,1,1.7,1,N,164,48,1,17,0,0.5,3.55,0,0.3,21.35
595,12/05/2017 12:45:09 PM,12/05/2017 12:58:55 PM,3,1.5,1,N,43,100,2,10,0,0.5,0,0,0.3,10.8
596,12/05/2017 12:29:13 PM,12/05/2017 12:34:06 PM,1,0.31,1,N,68,100,2,5,0,0.5,0,0,0.3,5.8
597,12/05/2017 12:20:49 PM,12/05/2017 12:48:19 PM,1,1.6,1,N,164,163,1,16.5,0,0.5,4.3,0,0.3,21.6
598,12/05/2017 12:50:44 PM,12/05/2017 01:00:11 PM,2,0.6,1,N,43,163,1,7,0,0.5,2.58,0,0.3,10.38
599,12/05/2017 12:17:54 PM,12/05/2017 12:54:43 PM,2,4.8,1,N,164,151,2,24.5,0,0.5,0,0,0.3,25.3
600,12/05/2017 12:32:45 PM,12/05/2017 12:45:00 PM,1,1.41,1,N,164,137,2,9,0,0.5,0,0,0.3,9.8
601,12/05/2017 12:52:09 PM,12/05/2017 12:58:59 PM,1,0.76,1,N,233,170,2,6,0,0.5,0,0,0.3,6.8
602,12/05/2017 12:11:58 PM,12/05/2017 12:17:48 PM,1,0.3,1,N,90,234,2,5,0,0.5,0,0,0.3,5.8
603,12/05/2017 12:26:48 PM,12/05/2017 12:32:21 PM,1,0.79,1,N,170,234,1,5.5,0,0.5,1.5,0,0.3,7.8
604,12/05/2017 12:48:43 PM,12/05/2017 01:16:59 PM,1,3.19,1,N,164,236,1,18.5,0,0.5,3.86,0,0.3,23.16
605,12/05/2017 12:36:52 PM,12/05/2017 12:48:11 PM,5,1.16,1,N,249,234,1,8.5,0,0.5,1.86,0,0.3,11.16
606,12/05/2017 12:06:16 PM,12/05/2017 12:10:41 PM,1,0.5,1,N,234,113,1,4.5,0,0.5,1.05,0,0.3,6.35
607,12/05/2017 12:14:53 PM,12/05/2017 12:37:31 PM,1,2.4,1,N,113,87,2,14.5,0,0.5,0,0,0.3,15.3
608,12/05/2017 12:00:13 PM,12/05/2017 12:03:14 PM,1,0.22,1,N,114,125,2,4,0,0.5,0,0,0.3,4.8
609,12/05/2017 12:04:00 PM,12/05/2017 12:17:22 PM,1,1.7,1,N,125,234,2,10,0,0.5,0,0,0.3,10.8
610,12/05/2017 11:58:51 AM,12/05/2017 12:22:51 PM,1,4.92,1,N,68,238,2,20,0,0.5,0,0,0.3,20.8
611,12/05/2017 12:53:32 PM,12/05/2017 01:04:00 PM,1,1.76,1,N,116,151,2,9.5,0,0.5,0,0,0.3,10.3
612,12/05/2017 12:36:46 PM,12/05/2017 12:53:19 PM,1,1.2,1,N,264,264,1,11,0,0.5,1.77,0,0.3,13.57
613,12/05/2017 12:54:32 PM,12/05/2017 12:57:14 PM,1,0.4,1,N,264,264,1,4,0,0.5,2,0,0.3,6.8
614,12/05/2017 12:02:56 PM,12/05/2017 12:12:59 PM,1,1.4,1,N,50,186,1,8.5,0,0.5,1.86,0,0.3,11.16
615,12/05/2017 12:26:53 PM,12/05/2017 12:31:46 PM,1,0.72,1,N,48,68,1,5,0,0.5,1.16,0,0.3,6.96
616,12/05/2017 12:51:20 PM,12/05/2017 01:00:28 PM,1,1.8,1,N,239,166,2,9,0,0.5,0,0,0.3,9.8
617,12/05/2017 12:00:12 PM,12/05/2017 12:16:19 PM,1,1.12,1,N,262,263,1,11,0,0.5,2.36,0,0.3,14.16
618,12/05/2017 12:20:20 PM,12/05/2017 12:31:33 PM,1,2.65,1,N,262,41,2,11,0,0.5,0,0,0.3,11.8
619,12/05/2017 12:32:59 PM,12/05/2017 12:58:27 PM,1,6.21,1,N,41,68,2,24,0,0.5,0,0,0.3,24.8
620,12/05/2017 12:01:42 PM,12/05/2017 12:11:00 PM,5,0.65,1,N,161,43,1,7,0,0.5,1.56,0,0.3,9.36
621,12/05/2017 12:21:41 PM,12/05/2017 12:27:14 PM,5,0.51,1,N,141,236,1,5,0,0.5,1.16,0,0.3,6.96
622,12/05/2017 12:35:47 PM,12/05/2017 12:49:22 PM,5,5.13,1,N,140,148,1,17,0,0.5,2.2,0,0.3,20
623,12/05/2017 12:05:53 PM,12/05/2017 12:22:32 PM,3,1.4,1,N,236,237,1,11.5,0,0.5,2.45,0,0.3,14.75
624,12/05/2017 12:35:12 PM,12/05/2017 12:41:00 PM,1,0.5,1,N,161,170,2,5.5,0,0.5,0,0,0.3,6.3
625,12/05/2017 12:42:02 PM,12/05/2017 12:49:06 PM,1,1.1,1,N,170,234,1,7,0,0.5,1.55,0,0.3,9.35
626,12/05/2017 12:50:12 PM,12/05/2017 01:03:32 PM,1,2.2,1,N,234,231,1,11,0,0.5,2.35,0,0.3,14.15
627,12/05/2017 12:10:01 PM,12/05/2017 12:16:07 PM,1,1.13,1,N,143,238,2,6.5,0,0.5,0,0,0.3,7.3
628,12/05/2017 12:17:50 PM,12/05/2017 12:27:54 PM,1,1.49,1,N,238,142,1,8.5,0,0.5,1.86,0,0.3,11.16
629,12/05/2017 12:36:31 PM,12/05/2017 12:44:20 PM,1,1.58,1,N,239,151,1,8,0,0.5,0,0,0.3,8.8
630,12/05/2017 12:51:35 PM,12/05/2017 12:53:14 PM,1,0.47,1,N,166,166,1,3.5,0,0.5,0.86,0,0.3,5.16
631,12/05/2017 12:14:44 PM,12/05/2017 12:18:37 PM,1,0.69,1,N,239,142,1,4.5,0,0.5,1.06,0,0.3,6.36
632,12/05/2017 12:10:40 PM,12/05/2017 12:23:20 PM,2,1.13,1,N,87,231,2,9,0,0.5,0,0,0.3,9.8
633,12/05/2017 12:24:19 PM,12/05/2017 12:28:18 PM,2,0.64,1,N,231,231,2,4.5,0,0.5,0,0,0.3,5.3
634,12/05/2017 12:44:16 PM,12/05/2017 12:47:52 PM,2,0.74,1,N,114,90,1,4.5,0,0.5,1.59,0,0.3,6.89
635,12/05/2017 12:54:05 PM,12/05/2017 01:05:40 PM,2,1.85,1,N,234,144,1,9.5,0,0.5,2.06,0,0.3,12.36
636,12/05/2017 12:41:24 PM,12/05/2017 12:53:31 PM,1,1.9,1,N,162,234,1,10,0,0.5,2.15,0,0.3,12.95
637,12/05/2017 12:45:19 PM,12/05/2017 01:17:01 PM,2,5,1,N,143,231,2,24,0,0.5,0,0,0.3,24.8
638,12/05/2017 12:08:06 PM,12/05/2017 12:31:05 PM,1,2.2,1,N,143,164,3,15,0,0.5,0,0,0.3,15.8
639,12/05/2017 12:35:51 PM,12/05/2017 12:40:59 PM,1,0.8,1,N,170,234,1,5.5,0,0.5,1,0,0.3,7.3
640,12/05/2017 12:41:56 PM,12/05/2017 01:04:55 PM,1,8.1,1,N,138,236,2,25.5,0,0.5,0,5.76,0.3,32.06
641,12/05/2017 12:36:41 PM,12/05/2017 12:41:52 PM,1,0.8,1,N,239,143,2,5.5,0,0.5,0,0,0.3,6.3
642,12/05/2017 12:46:00 PM,12/05/2017 12:55:49 PM,1,1.5,1,N,143,238,1,8.5,0,0.5,2,0,0.3,11.3
643,12/05/2017 12:32:22 PM,12/05/2017 12:37:56 PM,5,0.58,1,N,234,249,1,5.5,0,0.5,1,0,0.3,7.3
644,12/05/2017 12:41:21 PM,12/05/2017 12:49:33 PM,5,0.86,1,N,234,234,1,7,0,0.5,1.56,0,0.3,9.36
645,12/05/2017 12:50:49 PM,12/05/2017 01:04:51 PM,5,1,1,N,234,186,1,9.5,0,0.5,1.03,0,0.3,11.33
646,12/05/2017 12:26:17 PM,12/05/2017 12:31:38 PM,1,1.16,1,N,48,142,2,6,0,0.5,0,0,0.3,6.8
647,12/05/2017 12:38:40 PM,12/05/2017 12:50:46 PM,1,1.61,1,N,163,164,1,9.5,0,0.5,2.06,0,0.3,12.36
648,12/05/2017 12:52:40 PM,12/05/2017 01:22:15 PM,1,3.31,1,N,234,263,1,19.5,0,0.5,4.06,0,0.3,24.36
649,12/05/2017 12:18:42 PM,12/05/2017 12:26:45 PM,1,1.44,1,N,158,231,2,7.5,0,0.5,0,0,0.3,8.3
650,12/05/2017 12:30:48 PM,12/05/2017 12:37:26 PM,1,0.82,1,N,231,261,1,6,0,0.5,1.7,0,0.3,8.5
651,12/05/2017 12:49:25 PM,12/05/2017 01:03:17 PM,1,1.13,1,N,261,144,2,9.5,0,0.5,0,0,0.3,10.3
652,12/05/2017 11:58:08 AM,12/05/2017 12:06:17 PM,1,0.45,1,N,164,170,1,6.5,0,0.5,2,0,0.3,9.3
653,12/05/2017 12:09:39 PM,12/05/2017 12:36:32 PM,1,2.93,1,N,170,236,2,18,0,0.5,0,0,0.3,18.8
654,12/05/2017 12:11:35 PM,12/05/2017 12:18:19 PM,1,2,1,N,238,166,1,8,0,0.5,1.75,0,0.3,10.55
655,12/05/2017 12:23:43 PM,12/05/2017 12:27:13 PM,1,0.4,1,N,166,24,1,4.5,0,0.5,1.05,0,0.3,6.35
656,12/05/2017 12:30:56 PM,12/05/2017 01:05:47 PM,2,5.2,1,N,24,100,2,25.5,0,0.5,0,0,0.3,26.3
657,12/05/2017 12:25:36 PM,12/05/2017 12:51:50 PM,1,1.5,1,N,246,230,2,16,0,0.5,0,0,0.3,16.8
658,12/05/2017 12:55:25 PM,12/05/2017 01:10:25 PM,1,0.9,1,N,161,237,2,10,0,0.5,0,0,0.3,10.8
659,12/05/2017 12:25:23 PM,12/05/2017 12:33:59 PM,1,0.7,1,N,161,162,2,6.5,0,0.5,0,0,0.3,7.3
660,12/05/2017 12:37:27 PM,12/05/2017 12:47:59 PM,1,1,1,N,162,237,3,8,0,0.5,0,0,0.3,8.8
661,12/05/2017 12:57:23 PM,12/05/2017 01:01:56 PM,1,0.8,1,N,226,146,2,5.5,0,0.5,0,0,0.3,6.3
662,12/05/2017 12:10:25 PM,12/05/2017 12:27:47 PM,1,2.04,1,N,161,224,2,12,0,0.5,0,0,0.3,12.8
663,12/05/2017 12:04:12 PM,12/05/2017 12:07:08 PM,3,0.37,1,N,229,141,2,4,0,0.5,0,0,0.3,4.8
664,12/05/2017 12:08:18 PM,12/05/2017 12:13:34 PM,3,0.35,1,N,141,237,1,5,0,0.5,1,0,0.3,6.8
665,12/05/2017 12:26:35 PM,12/05/2017 12:31:51 PM,2,0.84,1,N,141,262,2,5.5,0,0.5,0,0,0.3,6.3
666,12/05/2017 12:07:18 PM,12/05/2017 12:27:19 PM,1,3.38,1,N,90,13,1,16,0,0.5,3.36,0,0.3,20.16
667,12/05/2017 12:05:26 PM,12/05/2017 12:25:48 PM,2,1.12,1,N,68,186,1,13,0,0.5,3.45,0,0.3,17.25
668,12/05/2017 12:38:52 PM,12/05/2017 12:40:53 PM,2,0.32,1,N,186,186,2,3.5,0,0.5,0,0,0.3,4.3
669,12/05/2017 12:42:12 PM,12/05/2017 12:45:44 PM,1,0.83,1,N,186,68,2,5,0,0.5,0,0,0.3,5.8
670,12/05/2017 12:57:40 PM,12/05/2017 01:29:21 PM,2,4.28,1,N,90,217,2,22.5,0,0.5,0,0,0.3,23.3
671,12/05/2017 12:15:51 PM,12/05/2017 01:07:47 PM,1,10.7,1,N,138,163,1,42,0,0.5,12.14,5.76,0.3,60.7
672,12/05/2017 12:20:07 PM,12/05/2017 12:56:52 PM,1,4.93,1,N,87,230,1,24.5,0,0.5,4,0,0.3,29.3
673,12/05/2017 12:58:29 PM,12/05/2017 01:27:30 PM,1,2.99,1,N,48,144,1,18.5,0,0.5,3.86,0,0.3,23.16
674,12/05/2017 12:21:51 PM,12/05/2017 12:28:19 PM,1,1.1,1,N,186,158,1,6.5,0,0.5,1.46,0,0.3,8.76
675,12/05/2017 12:11:07 PM,12/05/2017 12:18:03 PM,1,0.92,1,N,79,114,1,6,0,0.5,2.04,0,0.3,8.84
676,12/05/2017 12:23:23 PM,12/05/2017 12:30:58 PM,1,0.85,1,N,114,234,1,6.5,0,0.5,1.46,0,0.3,8.76
677,12/05/2017 12:34:43 PM,12/05/2017 12:44:45 PM,1,1.6,1,N,234,125,1,8.5,0,0.5,1.86,0,0.3,11.16
678,12/05/2017 12:53:24 PM,12/05/2017 12:56:26 PM,1,0.21,1,N,144,144,1,4,0,0.5,1.44,0,0.3,6.24
679,12/05/2017 12:05:02 PM,12/05/2017 12:13:19 PM,1,1.53,1,N,143,239,1,8,0,0.5,1.2,0,0.3,10
680,12/05/2017 12:49:58 PM,12/05/2017 12:54:28 PM,1,0.62,1,N,151,166,2,5,0,0.5,0,0,0.3,5.8
681,12/05/2017 12:59:54 PM,12/05/2017 01:21:56 PM,1,5.9,1,N,87,233,3,22.5,0,0.5,0,0,0.3,23.3
682,12/05/2017 12:19:47 PM,12/05/2017 01:05:54 PM,1,13.5,1,N,132,25,2,45,0,0.5,0,0,0.3,45.8
683,12/05/2017 12:09:04 PM,12/05/2017 12:20:53 PM,1,1.8,1,N,43,142,1,10,0,0.5,2.7,0,0.3,13.5
684,12/05/2017 12:33:06 PM,12/05/2017 12:51:33 PM,1,2.2,1,N,238,237,1,13,0,0.5,2.75,0,0.3,16.55
685,12/05/2017 12:54:04 PM,12/05/2017 01:03:22 PM,1,1.5,1,N,237,236,1,8.5,0,0.5,2.3,0,0.3,11.6
686,12/05/2017 12:03:56 PM,12/05/2017 12:10:11 PM,1,1.25,1,N,170,107,1,6.5,0,0.5,1.46,0,0.3,8.76
687,12/05/2017 12:15:30 PM,12/05/2017 12:19:38 PM,1,0.71,1,N,79,107,2,5,0,0.5,0,0,0.3,5.8
688,12/05/2017 12:23:49 PM,12/05/2017 12:29:26 PM,1,0.65,1,N,79,114,1,5.5,0,0.5,1,0,0.3,7.3
689,12/05/2017 12:30:58 PM,12/05/2017 12:40:42 PM,1,0.76,1,N,114,144,2,7.5,0,0.5,0,0,0.3,8.3
690,12/05/2017 12:44:43 PM,12/05/2017 12:46:21 PM,1,0.42,1,N,144,114,2,3.5,0,0.5,0,0,0.3,4.3
691,12/05/2017 12:16:30 PM,12/05/2017 12:26:28 PM,1,0.98,1,N,142,162,2,8,0,0.5,0,0,0.3,8.8
692,12/05/2017 12:28:55 PM,12/05/2017 12:40:09 PM,1,0.9,1,N,161,164,2,8.5,0,0.5,0,0,0.3,9.3
693,12/05/2017 12:54:20 PM,12/05/2017 01:02:08 PM,1,1.15,1,N,100,50,2,7,0,0.5,0,0,0.3,7.8
694,12/05/2017 12:03:55 PM,12/05/2017 12:17:01 PM,1,1.1,1,N,142,161,1,9.5,0,0.5,2.05,0,0.3,12.35
695,12/05/2017 12:22:39 PM,12/05/2017 12:30:08 PM,1,0.9,1,N,162,237,2,6.5,0,0.5,0,0,0.3,7.3
696,12/05/2017 12:31:49 PM,12/05/2017 12:36:29 PM,1,0.5,1,N,237,237,1,5,0,0.5,1.15,0,0.3,6.95
697,12/05/2017 12:37:23 PM,12/05/2017 12:59:11 PM,1,2.5,1,N,237,164,1,15,0,0.5,3.15,0,0.3,18.95
698,12/05/2017 12:10:00 PM,12/05/2017 12:20:54 PM,1,0.96,1,N,234,186,1,8.5,0,0.5,2.32,0,0.3,11.62
699,12/05/2017 12:23:59 PM,12/05/2017 12:36:06 PM,1,0.49,1,N,186,100,1,8.5,0,0.5,1.4,0,0.3,10.7
700,12/05/2017 12:38:06 PM,12/05/2017 12:48:22 PM,1,0.89,1,N,100,68,1,8,0,0.5,2,0,0.3,10.8
701,12/05/2017 12:22:18 PM,12/05/2017 12:30:09 PM,6,0.93,1,N,237,237,1,6.5,0,0.5,1.46,0,0.3,8.76
702,12/05/2017 12:50:59 PM,12/05/2017 01:40:25 PM,1,10.9,1,N,132,129,2,42.5,0,0.5,0,0,0.3,43.3
703,12/05/2017 12:18:19 PM,12/05/2017 12:29:05 PM,1,0.88,1,N,234,170,1,8,0,0.5,1.76,0,0.3,10.56
704,12/05/2017 12:42:51 PM,12/05/2017 12:49:01 PM,1,0.74,1,N,233,229,2,6,0,0.5,0,0,0.3,6.8
705,12/05/2017 12:52:34 PM,12/05/2017 01:20:29 PM,1,0.81,1,N,229,161,2,16,0,0.5,0,0,0.3,16.8
706,12/05/2017 12:24:18 PM,12/05/2017 12:48:14 PM,1,3.2,1,N,237,113,1,16.5,0,0.5,3.45,0,0.3,20.75
707,12/05/2017 12:14:07 PM,12/05/2017 12:33:30 PM,1,10.64,1,N,233,138,1,30,0,0.5,7,5.76,0.3,43.56
708,12/05/2017 12:03:12 PM,12/05/2017 12:15:17 PM,1,1.7,1,N,137,114,1,9.5,0,0.5,0.7,0,0.3,11
709,12/05/2017 12:32:32 PM,12/05/2017 12:37:25 PM,1,0.6,1,N,79,114,2,5,0,0.5,0,0,0.3,5.8
710,12/05/2017 12:39:12 PM,12/05/2017 12:53:15 PM,1,1.7,1,N,114,232,2,10.5,0,0.5,0,0,0.3,11.3
711,12/05/2017 12:03:28 PM,12/05/2017 12:43:42 PM,1,13.6,1,N,138,211,1,41.5,0,0.5,9.6,5.76,0.3,57.66
712,12/05/2017 12:53:32 PM,12/05/2017 01:00:49 PM,2,0.7,1,N,113,211,1,6,0,0.5,1,0,0.3,7.8
713,12/05/2017 12:03:00 PM,12/05/2017 12:30:45 PM,1,3.47,1,N,246,211,1,19,0,0.5,3.96,0,0.3,23.76
714,12/05/2017 12:31:32 PM,12/05/2017 01:04:47 PM,1,2.72,1,N,211,100,1,20,0,0.5,6.24,0,0.3,27.04
715,12/05/2017 12:42:33 PM,12/05/2017 12:51:55 PM,1,0.73,1,N,161,237,1,7,0,0.5,1.2,0,0.3,9
716,12/05/2017 12:53:30 PM,12/05/2017 01:01:24 PM,1,1.76,1,N,237,263,1,8,0,0.5,1,0,0.3,9.8
717,12/05/2017 12:10:15 PM,12/05/2017 12:19:39 PM,6,1.01,1,N,231,261,1,7.5,0,0.5,0.83,0,0.3,9.13
718,12/05/2017 11:59:29 AM,12/05/2017 12:00:04 PM,1,0.02,1,N,229,229,1,2.5,0,0.5,4,0,0.3,7.3
719,12/05/2017 12:07:34 PM,12/05/2017 12:18:06 PM,2,1.08,1,N,141,43,1,8,0,0.5,2.2,0,0.3,11
720,12/05/2017 12:21:09 PM,12/05/2017 12:46:14 PM,2,3.1,1,N,43,68,1,16.5,0,0.5,3.46,0,0.3,20.76
721,12/05/2017 12:18:07 PM,12/05/2017 12:24:20 PM,1,0.8,1,N,48,48,1,6,0,0.5,1,0,0.3,7.8
722,12/05/2017 12:28:08 PM,12/05/2017 12:33:00 PM,1,1.4,1,N,246,142,1,6.5,0,0.5,1,0,0.3,8.3
723,12/05/2017 12:39:48 PM,12/05/2017 12:42:46 PM,1,0.5,1,N,50,48,1,4,0,0.5,1,0,0.3,5.8
724,12/05/2017 12:11:05 PM,12/05/2017 12:24:22 PM,2,2,1,N,75,142,1,11,0,0.5,2.35,0,0.3,14.15
725,12/05/2017 12:35:51 PM,12/05/2017 12:38:22 PM,4,0.5,1,N,142,142,2,4,0,0.5,0,0,0.3,4.8
726,12/05/2017 12:39:20 PM,12/05/2017 12:49:27 PM,1,2.1,1,N,142,24,1,9.5,0,0.5,2.05,0,0.3,12.35
727,12/05/2017 12:54:18 PM,12/05/2017 01:05:58 PM,1,2.06,1,N,236,42,2,10,0,0.5,0,0,0.3,10.8
728,12/05/2017 12:35:00 PM,12/05/2017 12:45:15 PM,5,0.92,1,N,236,237,1,8,0,0.5,2.64,0,0.3,11.44
729,12/05/2017 12:56:20 PM,12/05/2017 01:01:28 PM,5,0.5,1,N,161,161,2,5,0,0.5,0,0,0.3,5.8
730,12/05/2017 12:16:43 PM,12/05/2017 12:39:33 PM,1,1.51,1,N,100,163,2,14,0,0.5,0,0,0.3,14.8
731,12/05/2017 12:46:25 PM,12/05/2017 12:52:35 PM,1,0.64,1,N,161,161,2,5.5,0,0.5,0,0,0.3,6.3
732,12/05/2017 12:53:23 PM,12/05/2017 01:01:53 PM,1,1.19,1,N,161,234,1,7.5,0,0.5,1.8,0,0.3,10.1
733,12/05/2017 12:11:04 PM,12/05/2017 12:18:48 PM,1,1.3,1,N,148,113,2,7,0,0.5,0,0,0.3,7.8
734,12/05/2017 12:21:44 PM,12/05/2017 12:57:03 PM,1,2.1,1,N,113,230,1,20.5,0,0.5,0,0,0.3,21.3
735,12/05/2017 12:26:12 PM,12/05/2017 12:29:44 PM,1,0.2,1,N,237,237,1,4,0,0.5,0.95,0,0.3,5.75
736,12/05/2017 12:31:25 PM,12/05/2017 12:53:43 PM,1,1.5,1,N,237,161,2,14,0,0.5,0,0,0.3,14.8
737,12/05/2017 12:31:43 PM,12/05/2017 12:35:35 PM,1,0.6,1,N,211,211,1,4.5,0,0.5,1.3,0,0.3,6.6
738,12/05/2017 12:38:05 PM,12/05/2017 12:59:45 PM,1,4,1,N,211,233,1,18.5,0,0.5,1,0,0.3,20.3
739,12/05/2017 12:13:05 PM,12/05/2017 12:18:28 PM,1,0.7,1,N,229,140,1,5.5,0,0.5,2,0,0.3,8.3
740,12/05/2017 12:23:49 PM,12/05/2017 12:51:20 PM,1,1.8,1,N,140,162,1,16.5,0,0.5,4.3,0,0.3,21.6
741,12/05/2017 12:25:21 PM,12/05/2017 12:31:45 PM,1,1.04,1,N,48,142,2,6.5,0,0.5,0,0,0.3,7.3
742,12/05/2017 12:32:46 PM,12/05/2017 12:32:53 PM,1,0,1,N,142,142,2,2.5,0,0.5,0,0,0.3,3.3
743,12/05/2017 12:38:18 PM,12/05/2017 01:07:26 PM,1,2.15,1,N,239,141,1,18,0,0.5,5.64,0,0.3,24.44
744,12/05/2017 12:24:48 PM,12/05/2017 12:33:33 PM,1,1.15,1,N,50,48,2,7,0,0.5,0,0,0.3,7.8
745,12/05/2017 12:40:30 PM,12/05/2017 01:17:28 PM,1,12.83,1,N,100,138,1,41,0,0.5,9.51,5.76,0.3,57.07
746,12/05/2017 12:38:23 PM,12/05/2017 01:11:50 PM,1,7.3,1,N,79,166,1,27,0,0.5,2.2,0,0.3,30
747,12/05/2017 12:18:19 PM,12/05/2017 12:34:32 PM,1,1.2,1,N,161,237,1,11,0,0.5,3.5,0,0.3,15.3
748,12/05/2017 12:39:57 PM,12/05/2017 12:55:21 PM,2,0.8,1,N,237,161,1,10.5,0,0.5,2,0,0.3,13.3
749,12/05/2017 12:59:10 PM,12/05/2017 01:29:40 PM,3,6.2,1,N,161,87,1,26,0,0.5,8,0,0.3,34.8
750,12/05/2017 12:49:58 PM,12/05/2017 01:30:23 PM,1,14.3,2,N,186,10,1,52,0,0.5,11.7,5.76,0.3,70.26
751,12/05/2017 12:26:06 PM,12/05/2017 01:06:38 PM,1,16.94,2,N,230,132,1,52,0,0.5,5,5.76,0.3,63.56
752,12/05/2017 12:52:04 PM,12/05/2017 01:03:59 PM,6,1.75,1,N,43,262,1,9.5,0,0.5,2.06,0,0.3,12.36
753,12/05/2017 12:37:39 PM,12/05/2017 01:32:09 PM,1,17.94,2,N,132,161,1,52,0,0.5,2.93,5.76,0.3,61.49
754,12/05/2017 12:00:08 PM,12/05/2017 12:31:27 PM,1,1.3,1,N,186,230,1,18,0,0.5,4.7,0,0.3,23.5
755,12/05/2017 12:48:49 PM,12/05/2017 12:52:24 PM,1,0.6,1,N,237,237,1,4.5,0,0.5,1.05,0,0.3,6.35
756,12/05/2017 12:54:45 PM,12/05/2017 01:04:57 PM,1,1.3,1,N,237,142,2,8.5,0,0.5,0,0,0.3,9.3
757,12/05/2017 12:11:57 PM,12/05/2017 12:30:46 PM,1,1.18,1,N,164,230,1,12,0,0.5,2.56,0,0.3,15.36
758,12/05/2017 12:32:54 PM,12/05/2017 01:08:15 PM,1,5.63,1,N,230,87,1,27,0,0.5,5.56,0,0.3,33.36
759,12/05/2017 12:22:41 PM,12/05/2017 12:33:52 PM,1,1.4,1,N,233,140,2,8.5,0,0.5,0,0,0.3,9.3
760,12/05/2017 12:56:48 PM,12/05/2017 01:20:12 PM,1,1.9,1,N,236,170,2,14.5,0,0.5,0,0,0.3,15.3
761,12/05/2017 12:03:30 PM,12/05/2017 12:49:52 PM,3,5.1,1,N,88,230,1,29.5,0,0.5,6.05,0,0.3,36.35
762,12/05/2017 12:43:16 PM,12/05/2017 01:13:24 PM,4,16.1,2,N,170,132,1,52,0,0.5,11.7,5.76,0.3,70.26
763,12/05/2017 12:11:53 PM,12/05/2017 12:30:03 PM,1,1.1,1,N,170,237,1,11.5,0,0.5,2.45,0,0.3,14.75
764,12/05/2017 12:35:58 PM,12/05/2017 01:02:04 PM,1,6,1,N,161,88,2,23.5,0,0.5,0,0,0.3,24.3
765,12/05/2017 12:43:42 PM,12/05/2017 01:40:09 PM,2,16,2,N,132,231,2,52,0,0.5,0,0,0.3,52.8
766,12/05/2017 12:00:25 PM,12/05/2017 12:06:08 PM,2,0.74,1,N,231,13,1,5.5,0,0.5,1.26,0,0.3,7.56
767,12/05/2017 12:12:27 PM,12/05/2017 12:28:12 PM,5,1.65,1,N,79,68,1,11,0,0.5,2.36,0,0.3,14.16
768,12/05/2017 12:36:16 PM,12/05/2017 12:40:26 PM,5,0.79,1,N,90,246,1,5,0,0.5,1.16,0,0.3,6.96
769,12/05/2017 12:42:00 PM,12/05/2017 12:58:54 PM,5,1.82,1,N,246,170,2,11.5,0,0.5,0,0,0.3,12.3
770,12/05/2017 12:20:18 PM,12/05/2017 12:41:31 PM,1,1.6,1,N,234,68,1,13.5,0,0.5,1,0,0.3,15.3
771,12/05/2017 12:53:25 PM,12/05/2017 01:05:09 PM,1,0.7,1,N,100,163,2,8.5,0,0.5,0,0,0.3,9.3
772,12/05/2017 12:17:21 PM,12/05/2017 12:23:42 PM,1,0.79,1,N,74,75,2,5.5,0,0.5,0,0,0.3,6.3
773,12/05/2017 12:54:23 PM,12/05/2017 01:26:27 PM,1,18.24,2,N,236,132,1,52,0,0.5,11.71,5.76,0.3,70.27
774,12/05/2017 12:10:40 PM,12/05/2017 12:48:04 PM,2,3.67,1,N,161,148,1,24,0,0.5,6.2,0,0.3,31
775,12/05/2017 12:42:02 PM,12/05/2017 12:57:09 PM,1,1.27,1,N,246,100,1,10.5,0,0.5,1,0,0.3,12.3
776,12/05/2017 12:58:15 PM,12/05/2017 01:28:41 PM,1,1.97,1,N,68,162,2,18,0,0.5,0,0,0.3,18.8
777,12/05/2017 12:42:24 PM,12/05/2017 12:47:28 PM,1,0.7,1,N,143,48,1,5,0,0.5,1.15,0,0.3,6.95
778,12/05/2017 12:36:25 PM,12/05/2017 01:39:37 PM,1,9.06,1,N,138,230,1,45,0,0.5,10.31,5.76,0.3,61.87
779,12/05/2017 12:38:04 PM,12/05/2017 12:45:05 PM,1,1.2,1,N,107,170,1,7,0,0.5,1.55,0,0.3,9.35
780,12/05/2017 12:47:46 PM,12/05/2017 12:56:46 PM,1,1.4,1,N,170,113,2,8,0,0.5,0,0,0.3,8.8
781,12/05/2017 12:57:27 PM,12/05/2017 01:06:38 PM,1,0.8,1,N,113,114,1,7.5,0,0.5,1.65,0,0.3,9.95
782,12/05/2017 12:31:08 PM,12/05/2017 12:45:39 PM,1,1.48,1,N,238,236,2,10.5,0,0.5,0,0,0.3,11.3
783,12/05/2017 12:49:07 PM,12/05/2017 12:56:29 PM,1,0.57,1,N,263,236,1,6,0,0.5,2.04,0,0.3,8.84
784,12/05/2017 12:59:30 PM,12/05/2017 01:34:39 PM,1,2.64,1,N,236,164,1,20.5,0,0.5,4.26,0,0.3,25.56
785,12/05/2017 12:55:57 PM,12/05/2017 01:51:49 PM,2,11.7,1,N,138,230,2,44,0,0.5,0,5.76,0.3,50.56
786,12/05/2017 12:55:59 PM,12/05/2017 02:25:59 PM,1,22.45,2,N,132,163,1,52,0,0.5,11.71,5.76,0.3,70.27
787,12/05/2017 12:25:49 PM,12/05/2017 12:54:30 PM,1,3.33,1,N,234,143,1,20,0,0.5,4.16,0,0.3,24.96
788,12/05/2017 12:11:30 PM,12/05/2017 12:18:07 PM,1,0.61,1,N,163,161,2,5.5,0,0.5,0,0,0.3,6.3
789,12/05/2017 12:19:42 PM,12/05/2017 12:26:47 PM,1,0.75,1,N,170,137,1,6,0,0.5,1.02,0,0.3,7.82
790,12/05/2017 12:39:38 PM,12/05/2017 12:46:54 PM,1,0.98,1,N,137,107,1,6.5,0,0.5,1.46,0,0.3,8.76
791,12/05/2017 12:48:30 PM,12/05/2017 01:08:46 PM,1,2.83,1,N,107,246,1,15,0,0.5,3.16,0,0.3,18.96
792,12/05/2017 12:00:25 PM,12/05/2017 12:02:51 PM,1,0.47,1,N,75,236,2,4,0,0.5,0,0,0.3,4.8
793,12/05/2017 12:05:22 PM,12/05/2017 12:33:59 PM,1,1.95,1,N,236,237,1,18,0,0.5,3.76,0,0.3,22.56
794,12/05/2017 12:39:47 PM,12/05/2017 12:53:43 PM,1,1.44,1,N,161,107,2,10,0,0.5,0,0,0.3,10.8
795,12/05/2017 12:30:41 PM,12/05/2017 12:34:02 PM,1,0.65,1,N,140,262,2,4.5,0,0.5,0,0,0.3,5.3
796,12/05/2017 12:43:10 PM,12/05/2017 12:46:22 PM,1,0.59,1,N,236,236,2,4,0,0.5,0,0,0.3,4.8
797,12/05/2017 12:11:00 PM,12/05/2017 12:27:17 PM,2,2.81,1,N,170,148,1,13.5,0,0.5,2.86,0,0.3,17.16
798,12/05/2017 12:38:37 PM,12/05/2017 01:02:52 PM,2,1.33,1,N,107,186,1,15,0,0.5,4.74,0,0.3,20.54
799,12/05/2017 12:01:40 PM,12/05/2017 12:22:23 PM,1,4.15,1,N,100,13,1,17,0,0.5,3.56,0,0.3,21.36
800,12/05/2017 12:32:40 PM,12/05/2017 01:04:25 PM,1,15.84,1,N,246,208,2,46,0,0.5,0,0,0.3,46.8
801,12/05/2017 12:03:39 PM,12/05/2017 12:10:22 PM,2,0.7,1,N,107,113,1,6,0,0.5,1.7,0,0.3,8.5
802,12/05/2017 12:29:10 PM,12/05/2017 12:52:29 PM,1,1,1,N,234,186,1,14,0,0.5,2.95,0,0.3,17.75
803,12/05/2017 11:56:35 AM,12/05/2017 12:38:58 PM,1,2.08,1,N,113,161,2,24,0,0.5,0,0,0.3,24.8
804,12/05/2017 12:10:52 PM,12/05/2017 12:20:31 PM,1,1.02,1,N,237,236,2,7.5,0,0.5,0,0,0.3,8.3
805,12/05/2017 12:40:09 PM,12/05/2017 12:47:45 PM,1,0.48,1,N,236,237,2,6,0,0.5,0,0,0.3,6.8
806,12/05/2017 12:01:42 PM,12/05/2017 12:13:58 PM,5,1.65,1,N,142,238,2,9.5,0,0.5,0,0,0.3,10.3
807,12/05/2017 12:48:48 PM,12/05/2017 01:01:59 PM,5,1.24,1,N,142,230,1,9.5,0,0.5,2,0,0.3,12.3
808,12/05/2017 12:04:32 PM,12/05/2017 12:34:46 PM,2,1.47,1,N,163,233,2,14,0,0.5,0,0,0.3,14.8
809,12/05/2017 12:48:19 PM,12/05/2017 01:14:01 PM,1,4.15,1,N,229,24,2,18.5,0,0.5,0,0,0.3,19.3
810,12/05/2017 12:10:51 PM,12/05/2017 12:48:39 PM,1,12,1,N,138,234,1,38,0,0.5,8.9,5.76,0.3,53.46
811,12/05/2017 12:57:43 PM,12/05/2017 01:09:44 PM,1,1.4,1,N,137,229,2,9.5,0,0.5,0,0,0.3,10.3
812,12/05/2017 12:47:34 PM,12/05/2017 01:05:38 PM,1,1.3,1,N,113,234,1,11.5,0,0.5,2.45,0,0.3,14.75
813,12/05/2017 12:16:17 PM,12/05/2017 12:34:32 PM,1,5,1,N,87,162,1,18,0,0.5,3,0,0.3,21.8
814,12/05/2017 12:37:45 PM,12/05/2017 12:42:29 PM,1,0.4,1,N,162,162,2,5,0,0.5,0,0,0.3,5.8
815,12/05/2017 12:44:32 PM,12/05/2017 12:48:33 PM,1,0.7,1,N,141,141,2,5,0,0.5,0,0,0.3,5.8
816,12/05/2017 12:37:25 PM,12/05/2017 12:46:13 PM,1,0.66,1,N,262,141,1,7,0,0.5,1.56,0,0.3,9.36
817,12/05/2017 12:52:46 PM,12/05/2017 01:04:13 PM,1,1.64,1,N,236,238,1,9,0,0.5,1.96,0,0.3,11.76
818,12/05/2017 12:25:36 PM,12/05/2017 12:39:37 PM,1,1.29,1,N,170,163,2,9.5,0,0.5,0,0,0.3,10.3
819,12/05/2017 12:44:20 PM,12/05/2017 12:49:13 PM,1,1.19,1,N,141,236,1,6,0,0.5,1.02,0,0.3,7.82
820,12/05/2017 12:39:53 PM,12/05/2017 01:02:41 PM,1,0.7,1,N,170,164,1,14,0,0.5,2.95,0,0.3,17.75
821,12/05/2017 12:02:36 PM,12/05/2017 12:08:01 PM,2,0.82,1,N,158,113,1,5.5,0,0.5,2,0,0.3,8.3
822,12/05/2017 12:19:06 PM,12/05/2017 12:28:34 PM,2,1.18,1,N,249,79,1,7.5,0,0.5,1.66,0,0.3,9.96
823,12/05/2017 12:38:47 PM,12/05/2017 12:51:19 PM,2,1.05,1,N,113,234,1,8.5,0,0.5,1.86,0,0.3,11.16
824,12/05/2017 11:58:50 AM,12/05/2017 12:09:42 PM,5,0.86,1,N,140,140,1,8,0,0.5,1,0,0.3,9.8
825,12/05/2017 12:24:21 PM,12/05/2017 12:32:49 PM,5,0.83,1,N,140,229,1,7,0,0.5,1.56,0,0.3,9.36
826,12/05/2017 12:43:07 PM,12/05/2017 12:52:20 PM,4,1.18,1,N,229,141,2,7.5,0,0.5,0,0,0.3,8.3
827,12/05/2017 12:53:51 PM,12/05/2017 12:57:05 PM,4,1.09,1,N,141,236,1,5,0,0.5,1.45,0,0.3,7.25
828,12/05/2017 12:24:51 PM,12/05/2017 12:30:46 PM,1,0.9,1,N,170,234,1,6,0,0.5,1.35,0,0.3,8.15
829,12/05/2017 12:44:49 PM,12/05/2017 12:53:29 PM,1,1.1,1,N,113,79,1,7.5,0,0.5,2.05,0,0.3,10.35
830,12/05/2017 12:08:32 PM,12/05/2017 12:44:50 PM,1,10.62,1,N,138,162,1,34,0,0.5,8.11,5.76,0.3,48.67
831,12/05/2017 12:48:09 PM,12/05/2017 12:53:58 PM,1,1.14,1,N,170,234,1,6,0,0.5,1.7,0,0.3,8.5
832,12/05/2017 12:28:28 PM,12/05/2017 12:34:56 PM,2,0.8,1,N,263,75,2,6,0,0.5,0,0,0.3,6.8
833,12/05/2017 12:39:50 PM,12/05/2017 12:44:25 PM,1,0.7,1,N,75,236,2,5,0,0.5,0,0,0.3,5.8
834,12/05/2017 12:55:12 PM,12/05/2017 01:26:32 PM,1,2.7,1,N,75,161,1,19.5,0,0.5,1,0,0.3,21.3
835,12/05/2017 12:34:43 PM,12/05/2017 12:46:05 PM,1,1.8,1,N,107,113,2,9.5,0,0.5,0,0,0.3,10.3
836,12/05/2017 12:09:45 PM,12/05/2017 12:18:14 PM,1,1.1,1,N,141,161,1,7,0,0.5,1.55,0,0.3,9.35
837,12/05/2017 12:28:51 PM,12/05/2017 12:40:52 PM,1,1.6,1,N,164,114,2,9,0,0.5,0,0,0.3,9.8
838,12/05/2017 12:00:38 PM,12/05/2017 12:06:05 PM,2,1.49,1,N,263,75,2,6.5,0,0.5,0,0,0.3,7.3
839,12/05/2017 12:11:35 PM,12/05/2017 12:27:39 PM,2,0.89,1,N,236,237,2,10.5,0,0.5,0,0,0.3,11.3
840,12/05/2017 12:44:22 PM,12/05/2017 01:04:25 PM,1,2.69,1,N,161,249,2,14,0,0.5,0,0,0.3,14.8
841,12/05/2017 12:52:55 PM,12/05/2017 01:26:17 PM,1,3.3,1,N,234,237,2,21,0,0.5,0,0,0.3,21.8
842,12/05/2017 12:01:34 PM,12/05/2017 01:10:34 PM,2,18.67,2,N,132,114,1,52,0,0.5,11.71,5.76,0.3,70.27
843,12/05/2017 12:11:24 PM,12/05/2017 12:13:40 PM,1,0.45,1,N,100,186,1,3.5,0,0.5,0.86,0,0.3,5.16
844,12/05/2017 12:01:35 PM,12/05/2017 12:11:14 PM,5,0.64,1,N,164,170,2,7.5,0,0.5,0,0,0.3,8.3
845,12/05/2017 12:13:19 PM,12/05/2017 12:26:52 PM,5,4.35,1,N,170,87,1,15.5,0,0.5,1.5,0,0.3,17.8
846,12/05/2017 12:28:11 PM,12/05/2017 12:37:57 PM,5,0.82,1,N,87,13,2,7.5,0,0.5,0,0,0.3,8.3
847,12/05/2017 12:41:11 PM,12/05/2017 12:45:43 PM,1,0.86,1,N,143,239,1,5,0,0.5,1.16,0,0.3,6.96
848,12/05/2017 12:57:44 PM,12/05/2017 01:05:34 PM,1,0.85,1,N,24,151,2,7,0,0.5,0,0,0.3,7.8
849,12/05/2017 12:00:44 PM,12/05/2017 12:05:28 PM,1,0.6,1,N,237,162,1,5,0,0.5,0,0,0.3,5.8
850,12/05/2017 12:08:42 PM,12/05/2017 12:33:42 PM,2,3.3,1,N,162,231,1,17,0,0.5,3.55,0,0.3,21.35
851,12/05/2017 12:39:12 PM,12/05/2017 01:05:13 PM,1,5.3,1,N,125,140,2,22,0,0.5,0,0,0.3,22.8
852,12/05/2017 12:29:03 PM,12/05/2017 01:12:45 PM,1,1.7,1,N,170,43,1,24.5,0,0.5,5,0,0.3,30.3
853,12/05/2017 12:13:59 PM,12/05/2017 12:30:27 PM,1,2.3,1,N,143,236,1,12.5,0,0.5,2.65,0,0.3,15.95
854,12/05/2017 12:39:00 PM,12/05/2017 12:54:52 PM,2,2.3,1,N,236,239,1,12.5,0,0.5,2.65,0,0.3,15.95
855,12/05/2017 12:18:09 PM,12/05/2017 12:29:56 PM,1,0.78,1,N,162,230,1,8,0,0.5,1.76,0,0.3,10.56
856,12/05/2017 12:30:35 PM,12/05/2017 12:43:06 PM,2,2.2,1,N,230,43,1,10.5,0,0.5,2.26,0,0.3,13.56
857,12/05/2017 12:11:14 PM,12/05/2017 12:35:09 PM,1,1,1,N,246,230,1,14.5,0,0.5,3.8,0,0.3,19.1
858,12/05/2017 12:38:23 PM,12/05/2017 12:58:26 PM,1,1.4,1,N,230,48,2,13,0,0.5,0,0,0.3,13.8
859,12/05/2017 12:17:36 PM,12/05/2017 12:54:03 PM,1,2.3,1,N,113,229,1,21.5,0,0.5,2,0,0.3,24.3
860,12/05/2017 12:29:15 PM,12/05/2017 12:40:12 PM,1,1.1,1,N,161,234,2,8.5,0,0.5,0,0,0.3,9.3
861,12/05/2017 12:58:09 PM,12/05/2017 01:22:53 PM,1,1.4,1,N,186,161,2,15,0,0.5,0,0,0.3,15.8
862,12/05/2017 12:02:24 PM,12/05/2017 12:21:56 PM,1,1.82,1,N,140,161,2,13,0,0.5,0,0,0.3,13.8
863,12/05/2017 12:34:10 PM,12/05/2017 01:10:48 PM,1,2.1,1,N,234,163,2,21,0,0.5,0,0,0.3,21.8
864,12/05/2017 12:26:55 PM,12/05/2017 12:43:36 PM,1,1.51,1,N,161,100,2,11.5,0,0.5,0,0,0.3,12.3
865,12/05/2017 12:12:47 PM,12/05/2017 12:45:08 PM,1,10.49,1,N,43,138,2,36,0,0.5,0,5.76,0.3,42.56
866,12/05/2017 12:28:37 PM,12/05/2017 12:38:35 PM,1,0.4,1,N,233,170,2,7.5,0,0.5,0,0,0.3,8.3
867,12/05/2017 12:42:06 PM,12/05/2017 12:46:39 PM,1,0.42,1,N,170,164,1,5,0,0.5,1.16,0,0.3,6.96
868,12/05/2017 12:31:09 PM,12/05/2017 01:10:52 PM,2,19.3,2,N,209,132,1,52,0,0.5,10.55,0,0.3,63.35
869,12/05/2017 12:31:26 PM,12/05/2017 01:55:07 PM,2,25.3,1,N,138,265,1,86,0,0.5,21.6,21.26,0.3,129.66
870,12/05/2017 12:16:19 PM,12/05/2017 12:25:41 PM,1,1.59,1,N,234,125,1,8,0,0.5,1.76,0,0.3,10.56
871,12/05/2017 12:03:20 PM,12/05/2017 12:23:27 PM,2,1.91,1,N,263,162,1,13,0,0.5,2.76,0,0.3,16.56
872,12/05/2017 12:28:43 PM,12/05/2017 12:35:06 PM,1,0.51,1,N,162,170,1,5.5,0,0.5,1.26,0,0.3,7.56
873,12/05/2017 12:39:24 PM,12/05/2017 12:50:49 PM,2,0.82,1,N,233,164,2,8,0,0.5,0,0,0.3,8.8
874,12/05/2017 12:54:03 PM,12/05/2017 01:00:59 PM,2,1.04,1,N,164,137,1,6.5,0,0.5,1.46,0,0.3,8.76
875,12/05/2017 12:09:29 PM,12/05/2017 12:13:25 PM,1,0.45,1,N,230,100,2,4.5,0,0.5,0,0,0.3,5.3
876,12/05/2017 12:19:18 PM,12/05/2017 12:26:28 PM,1,1.06,1,N,186,234,2,5,0,0.5,0,0,0.3,5.8
877,12/05/2017 12:38:59 PM,12/05/2017 12:50:27 PM,1,0.29,1,N,186,164,1,8,0,0.5,0,0,0.3,8.8
878,12/05/2017 12:02:24 PM,12/05/2017 12:20:47 PM,1,7.9,1,N,170,138,1,24,0,0.5,5,5.76,0.3,35.56
879,12/05/2017 12:40:28 PM,12/05/2017 01:35:21 PM,1,11.5,1,N,138,48,1,44,0,0.5,10.1,5.76,0.3,60.66
880,12/05/2017 12:07:44 PM,12/05/2017 12:46:51 PM,1,16.47,2,N,132,162,1,52,0,0.5,10.56,0,0.3,63.36
881,12/05/2017 12:22:14 PM,12/05/2017 12:43:27 PM,1,2.07,1,N,234,231,1,14,0,0.5,2.96,0,0.3,17.76
882,12/05/2017 12:48:45 PM,12/05/2017 12:58:12 PM,1,0.91,1,N,125,144,1,7.5,0,0.5,1.5,0,0.3,9.8
883,12/05/2017 12:15:18 PM,12/05/2017 01:15:21 PM,1,21.7,2,N,132,88,1,52,0,0.5,17.55,5.76,0.3,76.11
884,12/05/2017 12:06:01 PM,12/05/2017 12:09:59 PM,1,0.5,1,N,113,90,1,4.5,0,0.5,1,0,0.3,6.3
885,12/05/2017 12:22:26 PM,12/05/2017 12:35:23 PM,1,1.8,1,N,264,231,1,10.5,0,0.5,3.35,0,0.3,14.65
886,12/05/2017 12:44:17 PM,12/05/2017 12:53:05 PM,1,1.1,1,N,144,209,1,7.5,0,0.5,2,0,0.3,10.3
887,12/05/2017 12:21:04 PM,12/05/2017 01:22:30 PM,2,18.4,2,N,132,161,1,52,0,0.5,11.7,5.76,0.3,70.26
888,12/05/2017 12:28:17 PM,12/05/2017 12:55:05 PM,2,1.47,1,N,234,162,1,16.5,0,0.5,2.5,0,0.3,19.8
889,12/05/2017 12:06:30 PM,12/05/2017 12:30:35 PM,2,2.5,1,N,48,141,1,15.5,0,0.5,3.25,0,0.3,19.55
890,12/05/2017 12:34:01 PM,12/05/2017 12:40:13 PM,1,0.4,1,N,141,141,2,5.5,0,0.5,0,0,0.3,6.3
891,12/05/2017 12:44:22 PM,12/05/2017 12:51:15 PM,2,0.7,1,N,141,140,1,6,0,0.5,1.35,0,0.3,8.15
892,12/05/2017 12:55:20 PM,12/05/2017 01:17:45 PM,1,9.4,1,N,229,138,1,30,0,0.5,7.3,5.76,0.3,43.86
893,12/05/2017 12:59:55 PM,12/05/2017 01:10:52 PM,2,1.5,1,N,142,100,2,8.5,0,0.5,0,0,0.3,9.3
894,12/05/2017 12:03:08 PM,12/05/2017 12:13:42 PM,5,1.84,1,N,140,229,2,9.5,0,0.5,0,0,0.3,10.3
895,12/05/2017 12:12:23 PM,12/05/2017 12:19:26 PM,1,0.42,1,N,237,43,1,6,0,0.5,2.04,0,0.3,8.84
896,12/05/2017 12:33:33 PM,12/05/2017 12:55:10 PM,1,5,1,N,236,113,1,19,0,0.5,2,0,0.3,21.8
897,12/05/2017 12:06:56 PM,12/05/2017 12:26:20 PM,2,1.44,1,N,90,170,1,12.5,0,0.5,1.7,0,0.3,15
898,12/05/2017 12:33:17 PM,12/05/2017 12:43:07 PM,3,0.57,1,N,170,170,1,7.5,0,0.5,1.66,0,0.3,9.96
899,12/05/2017 12:47:37 PM,12/05/2017 01:00:34 PM,2,2.15,1,N,164,125,2,10,0,0.5,0,0,0.3,10.8
900,12/05/2017 12:50:42 PM,12/05/2017 01:01:07 PM,1,1.34,1,N,237,170,1,8.5,0,0.5,1.86,0,0.3,11.16
901,12/05/2017 12:06:55 PM,12/05/2017 12:23:06 PM,3,2.46,1,N,263,143,2,12.5,0,0.5,0,0,0.3,13.3
902,12/05/2017 12:52:49 PM,12/05/2017 12:59:02 PM,2,1,1,N,239,142,1,6.5,0,0.5,1,0,0.3,8.3
903,12/05/2017 12:01:50 PM,12/05/2017 12:10:41 PM,1,0.8,1,N,68,90,2,7,0,0.5,0,0,0.3,7.8
904,12/05/2017 12:12:21 PM,12/05/2017 12:22:02 PM,1,1.1,1,N,113,114,2,8,0,0.5,0,0,0.3,8.8
905,12/05/2017 12:44:36 PM,12/05/2017 12:58:18 PM,1,1.3,1,N,107,90,1,9.5,0,0.5,2.06,0,0.3,12.36
906,12/05/2017 12:59:58 PM,12/05/2017 01:20:00 PM,3,1.6,1,N,90,137,2,13,0,0.5,0,0,0.3,13.8
907,12/05/2017 12:45:14 PM,12/05/2017 12:58:59 PM,1,1.8,1,N,230,68,1,10.5,0,0.5,2.26,0,0.3,13.56
908,12/05/2017 11:59:20 AM,12/05/2017 12:29:23 PM,5,5.64,1,N,88,162,2,25.5,0,0.5,0,0,0.3,26.3
909,12/05/2017 12:01:29 PM,12/05/2017 12:06:01 PM,1,0.74,1,N,236,236,1,5,0,0.5,1.74,0,0.3,7.54
910,12/05/2017 12:43:11 PM,12/05/2017 01:13:57 PM,1,7.21,1,N,237,247,2,28,0,0.5,0,0,0.3,28.8
911,12/05/2017 12:12:46 PM,12/05/2017 12:17:34 PM,1,0.3,1,N,162,233,1,5,0,0.5,0.8,0,0.3,6.6
912,12/05/2017 12:23:57 PM,12/05/2017 12:33:30 PM,1,1.1,1,N,170,186,1,8,0,0.5,2,0,0.3,10.8
913,12/05/2017 12:35:04 PM,12/05/2017 12:45:23 PM,3,1.8,1,Y,186,158,1,9,0,0.5,1.95,0,0.3,11.75
914,12/05/2017 12:29:22 PM,12/05/2017 12:44:16 PM,5,2.7,1,N,142,151,1,12.5,0,0.5,2.66,0,0.3,15.96
915,12/05/2017 12:11:53 PM,12/05/2017 12:25:55 PM,1,1.7,1,N,231,68,2,10.5,0,0.5,0,0,0.3,11.3
916,12/05/2017 12:28:17 PM,12/05/2017 12:44:19 PM,1,2,1,N,246,231,1,11,0,0.5,2.35,0,0.3,14.15
917,12/05/2017 12:55:02 PM,12/05/2017 01:04:14 PM,1,0.8,1,N,249,90,1,7,0,0.5,1.55,0,0.3,9.35
918,12/05/2017 12:20:17 PM,12/05/2017 12:44:36 PM,1,1.4,1,N,100,229,1,14.5,0,0.5,2,0,0.3,17.3
919,12/05/2017 12:52:46 PM,12/05/2017 01:22:48 PM,1,2,1,N,162,142,1,18.5,0,0.5,3.85,0,0.3,23.15
920,12/05/2017 12:13:43 PM,12/05/2017 12:34:15 PM,1,2.91,1,N,100,231,2,14.5,0,0.5,0,0,0.3,15.3
921,12/05/2017 11:59:32 AM,12/05/2017 12:22:09 PM,1,3.95,1,N,79,141,1,17.5,0,0.5,0,0,0.3,18.3
922,12/05/2017 12:48:30 PM,12/05/2017 12:54:34 PM,1,0.72,1,N,262,140,1,5.5,0,0.5,1,0,0.3,7.3
923,12/05/2017 12:06:17 PM,12/05/2017 12:28:30 PM,1,1,1,N,230,162,1,13.5,0,0.5,1,0,0.3,15.3
924,12/05/2017 12:32:44 PM,12/05/2017 12:42:59 PM,1,0.9,1,N,229,170,2,7.5,0,0.5,0,0,0.3,8.3
925,12/05/2017 12:44:15 PM,12/05/2017 01:07:25 PM,2,3.3,1,N,162,238,2,16,0,0.5,0,0,0.3,16.8
926,12/05/2017 12:12:01 PM,12/05/2017 12:35:41 PM,1,2.5,1,N,158,230,2,16,0,0.5,0,0,0.3,16.8
927,12/05/2017 12:49:43 PM,12/05/2017 01:05:42 PM,1,1.1,1,N,186,48,1,11,0,0.5,2.35,0,0.3,14.15
928,12/05/2017 12:18:02 PM,12/05/2017 12:22:23 PM,1,0.5,1,N,162,237,2,5,0,0.5,0,0,0.3,5.8
929,12/05/2017 12:28:20 PM,12/05/2017 12:35:33 PM,1,1.1,1,N,237,142,1,7,0,0.5,1.55,0,0.3,9.35
930,12/05/2017 12:45:03 PM,12/05/2017 12:58:10 PM,1,2,1,N,239,68,1,10.5,0,0.5,2,0,0.3,13.3
931,12/05/2017 12:02:29 PM,12/05/2017 12:24:46 PM,1,2.5,1,N,236,170,1,15,0,0.5,3.15,0,0.3,18.95
932,12/05/2017 12:34:12 PM,12/05/2017 12:47:57 PM,1,1.4,1,N,137,162,1,10,0,0.5,2.15,0,0.3,12.95
933,12/05/2017 12:32:39 PM,12/05/2017 12:41:47 PM,4,1.07,1,N,237,263,2,7.5,0,0.5,0,0,0.3,8.3
934,12/05/2017 12:45:56 PM,12/05/2017 01:00:22 PM,5,1.14,1,N,263,236,2,10,0,0.5,0,0,0.3,10.8
935,12/05/2017 12:49:40 PM,12/05/2017 01:53:50 PM,1,10.5,1,N,138,233,1,47.5,0,0.5,10.81,5.76,0.3,64.87
936,12/05/2017 12:20:18 PM,12/05/2017 12:41:47 PM,1,7.02,1,N,236,87,1,23.5,0,0.5,4.86,0,0.3,29.16
937,12/05/2017 12:43:35 PM,12/05/2017 01:18:31 PM,1,3.12,1,N,87,186,1,21.5,0,0.5,5.58,0,0.3,27.88
938,12/05/2017 12:00:55 PM,12/05/2017 12:13:53 PM,1,4.27,1,N,138,179,2,15,0,0.5,0,0,0.3,15.8
939,12/05/2017 12:43:15 PM,12/05/2017 01:32:07 PM,1,10.86,1,N,138,230,1,41,0,0.5,9.51,5.76,0.3,57.07
940,12/05/2017 12:00:12 PM,12/05/2017 12:13:58 PM,1,1.2,1,N,161,50,2,9.5,0,0.5,0,0,0.3,10.3
941,12/05/2017 12:29:39 PM,12/05/2017 12:40:46 PM,1,1.2,1,N,246,48,1,9,0,0.5,1,0,0.3,10.8
942,12/05/2017 12:51:02 PM,12/05/2017 01:01:00 PM,1,0.6,1,N,142,230,2,7.5,0,0.5,0,0,0.3,8.3
943,12/05/2017 12:20:21 PM,12/05/2017 12:49:36 PM,1,3.67,1,N,143,249,1,19.5,0,0.5,6.09,0,0.3,26.39
944,12/05/2017 12:18:51 PM,12/05/2017 12:28:35 PM,1,1.01,1,N,140,141,2,8,0,0.5,0,0,0.3,8.8
945,12/05/2017 12:29:17 PM,12/05/2017 12:37:12 PM,1,0.81,1,N,141,141,1,6.5,0,0.5,1.82,0,0.3,9.12
946,12/05/2017 12:43:17 PM,12/05/2017 12:49:17 PM,2,0.5,1,N,229,233,1,5.5,0,0.5,1.26,0,0.3,7.56
947,12/05/2017 12:54:05 PM,12/05/2017 01:10:52 PM,1,0.63,1,N,162,161,1,10.5,0,0.5,2.26,0,0.3,13.56
948,12/05/2017 12:48:21 PM,12/05/2017 01:04:29 PM,2,1.7,1,N,239,237,2,11.5,0,0.5,0,0,0.3,12.3
949,12/05/2017 12:13:11 PM,12/05/2017 12:34:23 PM,6,1.96,1,N,68,170,1,13.5,0,0.5,2.86,0,0.3,17.16
950,12/05/2017 12:40:33 PM,12/05/2017 01:00:18 PM,6,1.09,1,N,161,48,2,12,0,0.5,0,0,0.3,12.8
951,12/05/2017 12:17:15 PM,12/05/2017 12:24:02 PM,1,0.99,1,N,162,137,1,6.5,0,0.5,1.46,0,0.3,8.76
952,12/05/2017 12:29:49 PM,12/05/2017 12:40:15 PM,1,1.15,1,N,107,234,1,8,0,0.5,1.76,0,0.3,10.56
953,12/05/2017 12:04:51 PM,12/05/2017 12:11:51 PM,1,0.69,1,N,164,186,1,6,0,0.5,1.36,0,0.3,8.16
954,12/05/2017 12:17:01 PM,12/05/2017 12:25:26 PM,1,0.56,1,N,100,170,1,6.5,0,0.5,1.46,0,0.3,8.76
955,12/05/2017 12:31:35 PM,12/05/2017 12:41:04 PM,1,0.57,1,N,170,161,2,7,0,0.5,0,0,0.3,7.8
956,12/05/2017 12:52:57 PM,12/05/2017 01:03:47 PM,1,1.27,1,N,162,164,2,8.5,0,0.5,0,0,0.3,9.3
957,12/05/2017 12:36:00 PM,12/05/2017 12:43:33 PM,1,0.4,1,N,237,237,1,6,0,0.5,1.35,0,0.3,8.15
958,12/05/2017 12:44:49 PM,12/05/2017 12:50:44 PM,1,0.7,1,N,237,237,1,5.5,0,0.5,1.26,0,0.3,7.56
959,12/05/2017 12:55:23 PM,12/05/2017 01:24:41 PM,1,2.8,1,N,237,186,1,18.5,0,0.5,4.25,0,0.3,23.55
960,12/05/2017 12:17:59 PM,12/05/2017 12:33:59 PM,1,1.9,1,N,237,143,2,11.5,0,0.5,0,0,0.3,12.3
961,12/05/2017 12:39:37 PM,12/05/2017 01:04:52 PM,2,2.6,1,N,239,186,1,16,0,0.5,3.35,0,0.3,20.15
962,12/05/2017 12:12:45 PM,12/05/2017 12:28:01 PM,1,1.98,1,N,141,137,2,11,0,0.5,0,0,0.3,11.8
963,12/05/2017 12:37:09 PM,12/05/2017 12:49:57 PM,1,2.12,1,N,233,262,1,10.5,0,0.5,2.82,0,0.3,14.12
964,12/05/2017 12:11:19 PM,12/05/2017 12:22:16 PM,1,0.9,1,N,141,233,2,8,0,0.5,0,0,0.3,8.8
965,12/05/2017 12:23:13 PM,12/05/2017 12:25:08 PM,1,0.3,1,N,233,137,1,3.5,0,0.5,0.85,0,0.3,5.15
966,12/05/2017 12:27:58 PM,12/05/2017 12:37:25 PM,1,0.8,1,N,137,234,1,7.5,0,0.5,1,0,0.3,9.3
967,12/05/2017 12:34:18 PM,12/05/2017 01:11:47 PM,1,10.66,1,N,138,163,1,35.5,0,0.5,8.41,5.76,0.3,50.47
968,12/05/2017 12:24:49 PM,12/05/2017 12:27:44 PM,1,0.58,1,N,163,230,2,4,0,0.5,0,0,0.3,4.8
969,12/05/2017 12:38:39 PM,12/05/2017 12:48:41 PM,1,0.92,1,N,48,164,2,8,0,0.5,0,0,0.3,8.8
970,12/05/2017 12:49:50 PM,12/05/2017 01:03:35 PM,1,0.84,1,N,164,230,2,9.5,0,0.5,0,0,0.3,10.3
971,12/05/2017 12:37:36 PM,12/05/2017 12:41:30 PM,1,0.7,1,N,68,246,2,5,0,0.5,0,0,0.3,5.8
972,12/05/2017 12:55:58 PM,12/05/2017 01:09:28 PM,2,1.26,1,N,246,234,1,9.5,0,0.5,1.54,0,0.3,11.84
973,12/05/2017 12:49:56 PM,12/05/2017 01:14:25 PM,2,1.6,1,N,186,163,1,15,0,0.5,3.15,0,0.3,18.95
974,12/05/2017 12:22:42 PM,12/05/2017 12:34:59 PM,1,2,1,N,238,236,1,10.5,0,0.5,2.25,0,0.3,13.55
975,12/05/2017 12:44:36 PM,12/05/2017 01:02:23 PM,2,0.8,1,N,237,162,2,11.5,0,0.5,0,0,0.3,12.3
976,12/05/2017 12:47:26 PM,12/05/2017 01:00:05 PM,1,1.6,1,N,79,114,1,10,0,0.5,2.16,0,0.3,12.96
977,12/05/2017 12:13:10 PM,12/05/2017 12:18:13 PM,1,0.54,1,N,113,113,1,5,0,0.5,1.16,0,0.3,6.96
978,12/05/2017 12:47:19 PM,12/05/2017 01:10:39 PM,1,3.03,1,N,162,43,1,16.5,0,0.5,3.46,0,0.3,20.76
979,12/05/2017 12:04:45 PM,12/05/2017 12:32:12 PM,1,2.4,1,N,48,234,1,16.5,0,0.5,5.19,0,0.3,22.49
980,12/05/2017 12:34:53 PM,12/05/2017 12:55:45 PM,1,3.82,1,N,234,217,2,16,0,0.5,0,0,0.3,16.8
981,12/05/2017 12:35:06 PM,12/05/2017 12:39:52 PM,1,0.7,1,N,50,48,1,5,0,0.5,2,0,0.3,7.8
982,12/05/2017 12:33:36 PM,12/05/2017 01:12:48 PM,6,16.96,2,N,170,132,1,52,0,0.5,11.71,5.76,0.3,70.27
983,12/05/2017 12:17:29 PM,12/05/2017 12:39:24 PM,1,6.64,1,N,161,13,1,23,0,0.5,4.76,0,0.3,28.56
984,12/05/2017 12:47:28 PM,12/05/2017 01:00:43 PM,1,2.06,1,N,261,249,1,10,0,0.5,2.7,0,0.3,13.5
985,12/05/2017 12:05:47 PM,12/05/2017 12:17:09 PM,3,1.6,1,N,143,238,1,9,0,0.5,1.95,0,0.3,11.75
986,12/05/2017 12:25:31 PM,12/05/2017 12:38:31 PM,3,1.9,1,N,238,43,1,10.5,0,0.5,1.7,0,0.3,13
987,12/05/2017 12:43:16 PM,12/05/2017 12:56:21 PM,3,1.5,1,N,237,236,1,10,0,0.5,2.16,0,0.3,12.96
988,12/05/2017 12:57:12 PM,12/05/2017 01:09:33 PM,3,1.7,1,N,236,238,2,10,0,0.5,0,0,0.3,10.8
989,12/05/2017 12:24:43 PM,12/05/2017 12:47:59 PM,1,0.9,1,N,107,186,1,14,0,0.5,3.7,0,0.3,18.5
990,12/05/2017 12:09:00 PM,12/05/2017 12:37:12 PM,1,7.7,1,N,162,138,1,27,0,0.5,5.2,0,0.3,33
991,12/05/2017 12:27:43 PM,12/05/2017 12:40:04 PM,1,1.1,1,N,264,264,1,9,0,0.5,1.95,0,0.3,11.75
992,12/05/2017 12:43:41 PM,12/05/2017 12:52:20 PM,1,1.1,1,N,237,142,1,8,0,0.5,1.2,0,0.3,10
993,12/05/2017 12:22:34 PM,12/05/2017 12:57:17 PM,2,16.87,1,N,138,13,1,47,0,0.5,10.71,5.76,0.3,64.27
994,12/05/2017 12:05:51 PM,12/05/2017 12:43:42 PM,1,10.8,1,N,230,138,2,36.5,0,0.5,0,5.76,0.3,43.06
995,12/05/2017 12:12:58 PM,12/05/2017 12:20:02 PM,2,1,1,N,48,239,1,6.5,0,0.5,2,0,0.3,9.3
996,12/05/2017 12:40:33 PM,12/05/2017 01:27:52 PM,1,12.6,1,N,151,34,2,42,0,0.5,0,0,0.3,42.8
997,12/05/2017 12:17:39 PM,12/05/2017 12:17:53 PM,1,0,2,N,13,13,1,52,0,0.5,6,5.76,0.3,64.56
998,12/05/2017 12:04:09 PM,12/05/2017 12:24:23 PM,1,4.8,1,N,140,211,1,19.5,0,0.5,3,0,0.3,23.3
999,12/05/2017 12:28:55 PM,12/05/2017 12:38:38 PM,2,1.3,1,N,211,158,1,7.5,0,0.5,2.45,0,0.3,10.75
1000,12/05/2017 12:52:56 PM,12/05/2017 01:00:35 PM,1,0.3,1,N,186,68,2,6,0,0.5,0,0,0.3,6.8